"k","fold","lambda1","lambda2","canonical_direction","cor.train","cor.test"
15,1,1e-05,0,1,0.999999999999909,0.868001812111285
15,1,1e-05,0,2,0.99999999999999,0.821824984471911
15,1,1e-05,0,3,0.993042161175171,0.603188992474953
15,1,1e-05,0,4,0.99999999999996,0.818418783102281
15,1,1e-05,0,5,0.999999999999989,0.653274553115851
15,2,1e-05,0,1,0.999999999999887,0.91389178824491
15,2,1e-05,0,2,0.999999999999988,0.379249422530751
15,2,1e-05,0,3,0.992959310801367,0.855478595998922
15,2,1e-05,0,4,0.999999999999977,0.436395664148939
15,2,1e-05,0,5,0.999999999999987,0.566515376853665
15,3,1e-05,0,1,0.999999999999991,0.932695709397955
15,3,1e-05,0,2,0.999999999999991,0.70883816884004
15,3,1e-05,0,3,0.999999999999985,0.202186363895222
15,3,1e-05,0,4,0.999999999999989,0.328631266508764
15,3,1e-05,0,5,0.999999999999989,0.705061552108881
15,4,1e-05,0,1,0.999999999999912,0.881927034351707
15,4,1e-05,0,2,0.99999999999999,0.687588113163483
15,4,1e-05,0,3,0.993079704263818,0.66569723013795
15,4,1e-05,0,4,0.999999999999969,0.799824769457783
15,4,1e-05,0,5,0.999999999999987,0.694484088451676
15,5,1e-05,0,1,0.999999999999894,0.659334474594351
15,5,1e-05,0,2,0.999999999999991,0.526738688464033
15,5,1e-05,0,3,0.993183388948384,0.318464658646974
15,5,1e-05,0,4,0.999999999999971,0.45027110677084
15,5,1e-05,0,5,0.99999999999999,-0.00860173374000902
15,6,1e-05,0,1,0.999999999999939,0.402344981529463
15,6,1e-05,0,2,0.99999999999999,0.851586641589345
15,6,1e-05,0,3,0.992443654114443,0.641103195905545
15,6,1e-05,0,4,0.999999999999979,0.596966140115886
15,6,1e-05,0,5,0.999999999999988,0.288884553168528
15,7,1e-05,0,1,0.999999999999913,0.898250313361014
15,7,1e-05,0,2,0.99999999999999,0.771259847311391
15,7,1e-05,0,3,0.992648672105344,0.856717904756404
15,7,1e-05,0,4,0.999999999999969,0.696561663942352
15,7,1e-05,0,5,0.999999999999987,0.797585127104313
15,8,1e-05,0,1,0.999999999999894,0.948708193826239
15,8,1e-05,0,2,0.999999999999989,0.691697218751994
15,8,1e-05,0,3,0.993171873986312,0.71397264131381
15,8,1e-05,0,4,0.999999999999964,0.827069813076055
15,8,1e-05,0,5,0.999999999999988,0.596053842176926
15,9,1e-05,0,1,0.999999999999893,0.843995906569275
15,9,1e-05,0,2,0.99999999999999,0.648776615826843
15,9,1e-05,0,3,0.993213794823231,0.681507679561322
15,9,1e-05,0,4,0.99999999999997,0.671781052284129
15,9,1e-05,0,5,0.999999999999989,0.862963673089858
15,10,1e-05,0,1,0.999999999999905,0.817693467022242
15,10,1e-05,0,2,0.999999999999989,0.726525304172772
15,10,1e-05,0,3,0.993009341161264,0.710470085905252
15,10,1e-05,0,4,0.999999999999964,0.714113055935496
15,10,1e-05,0,5,0.999999999999988,0.504388673161343
15,11,1e-05,0,1,0.999999999999901,0.797560326537029
15,11,1e-05,0,2,0.99999999999999,0.810046637691457
15,11,1e-05,0,3,0.993162742622587,0.679077770121309
15,11,1e-05,0,4,0.999999999999972,-0.079297687545759
15,11,1e-05,0,5,0.999999999999987,0.715577417857213
15,12,1e-05,0,1,0.999999999999894,0.881741865107249
15,12,1e-05,0,2,0.99999999999999,0.714952802832685
15,12,1e-05,0,3,0.992992049982199,0.703734571131944
15,12,1e-05,0,4,0.999999999999973,0.85177897734758
15,12,1e-05,0,5,0.999999999999988,0.40343020831725
15,13,1e-05,0,1,0.999999999999902,0.911625052853145
15,13,1e-05,0,2,0.99999999999999,0.54422264666349
15,13,1e-05,0,3,0.992748344639509,0.859136359265506
15,13,1e-05,0,4,0.99999999999997,0.822700264995036
15,13,1e-05,0,5,0.999999999999991,0.306906514410426
15,14,1e-05,0,1,0.999999999999991,0.644683168983648
15,14,1e-05,0,2,0.999999999999991,0.747194867163479
15,14,1e-05,0,3,0.999999999999985,0.437941722420076
15,14,1e-05,0,4,0.999999999999989,0.819997227104917
15,14,1e-05,0,5,0.99999999999999,0.216969132403912
15,15,1e-05,0,1,0.999999999999908,0.862136630764821
15,15,1e-05,0,2,0.999999999999992,0.713933375725082
15,15,1e-05,0,3,0.992927761229689,0.786370858358643
15,15,1e-05,0,4,0.999999999999975,0.749175488572667
15,15,1e-05,0,5,0.999999999999989,0.747635556500499
15,1,3.16227766016838e-05,0,1,0.999999999999085,0.868003229581534
15,1,3.16227766016838e-05,0,2,0.999999999999898,0.821824865905408
15,1,3.16227766016838e-05,0,3,0.993042161176039,0.603186315120297
15,1,3.16227766016838e-05,0,4,0.999999999999604,0.818417582705022
15,1,3.16227766016838e-05,0,5,0.999999999999885,0.653274723171017
15,2,3.16227766016838e-05,0,1,0.999999999998872,0.913892218743352
15,2,3.16227766016838e-05,0,2,0.999999999999878,0.379249859805617
15,2,3.16227766016838e-05,0,3,0.992959310802324,0.855478044252251
15,2,3.16227766016838e-05,0,4,0.999999999999766,0.43639626088019
15,2,3.16227766016838e-05,0,5,0.999999999999871,0.566514666692821
15,3,3.16227766016838e-05,0,1,0.999999999999913,0.932695732128291
15,3,3.16227766016838e-05,0,2,0.999999999999909,0.708838153505505
15,3,3.16227766016838e-05,0,3,0.999999999999854,0.202186461647855
15,3,3.16227766016838e-05,0,4,0.999999999999891,0.328631293369367
15,3,3.16227766016838e-05,0,5,0.999999999999895,0.705061498416406
15,4,3.16227766016838e-05,0,1,0.999999999999114,0.881928601822567
15,4,3.16227766016838e-05,0,2,0.999999999999905,0.687588150268609
15,4,3.16227766016838e-05,0,3,0.993079704264611,0.665694665122862
15,4,3.16227766016838e-05,0,4,0.99999999999969,0.799825947000614
15,4,3.16227766016838e-05,0,5,0.999999999999866,0.694483150205444
15,5,3.16227766016838e-05,0,1,0.999999999998943,0.659335546894422
15,5,3.16227766016838e-05,0,2,0.99999999999991,0.526738600456356
15,5,3.16227766016838e-05,0,3,0.993183388949265,0.318458891803455
15,5,3.16227766016838e-05,0,4,0.999999999999714,0.450271923558656
15,5,3.16227766016838e-05,0,5,0.999999999999901,-0.00860234310559379
15,6,3.16227766016838e-05,0,1,0.999999999999393,0.402352218868229
15,6,3.16227766016838e-05,0,2,0.999999999999899,0.851586678569297
15,6,3.16227766016838e-05,0,3,0.992443654114915,0.64109974401337
15,6,3.16227766016838e-05,0,4,0.999999999999792,0.596967142338148
15,6,3.16227766016838e-05,0,5,0.999999999999885,0.288884903123296
15,7,3.16227766016838e-05,0,1,0.99999999999913,0.898252176970719
15,7,3.16227766016838e-05,0,2,0.999999999999903,0.771259786895307
15,7,3.16227766016838e-05,0,3,0.992648672106116,0.85671737474311
15,7,3.16227766016838e-05,0,4,0.999999999999688,0.696560520913315
15,7,3.16227766016838e-05,0,5,0.999999999999871,0.797585096588364
15,8,3.16227766016838e-05,0,1,0.999999999998944,0.948708214121398
15,8,3.16227766016838e-05,0,2,0.99999999999989,0.691696881345308
15,8,3.16227766016838e-05,0,3,0.993171873987267,0.713974213828716
15,8,3.16227766016838e-05,0,4,0.999999999999641,0.827069791120635
15,8,3.16227766016838e-05,0,5,0.999999999999885,0.596053959139473
15,9,3.16227766016838e-05,0,1,0.999999999998932,0.843994848808339
15,9,3.16227766016838e-05,0,2,0.999999999999904,0.648776534549317
15,9,3.16227766016838e-05,0,3,0.99321379482413,0.681508065541412
15,9,3.16227766016838e-05,0,4,0.9999999999997,0.671781514560278
15,9,3.16227766016838e-05,0,5,0.999999999999889,0.862963600920933
15,10,3.16227766016838e-05,0,1,0.999999999999047,0.817695714324427
15,10,3.16227766016838e-05,0,2,0.999999999999889,0.726524440608508
15,10,3.16227766016838e-05,0,3,0.993009341162136,0.710468232434271
15,10,3.16227766016838e-05,0,4,0.999999999999638,0.71411283554319
15,10,3.16227766016838e-05,0,5,0.999999999999879,0.504389104608611
15,11,3.16227766016838e-05,0,1,0.999999999999011,0.797561408806237
15,11,3.16227766016838e-05,0,2,0.999999999999905,0.810046649182781
15,11,3.16227766016838e-05,0,3,0.993162742623424,0.679074913588977
15,11,3.16227766016838e-05,0,4,0.999999999999718,-0.0792967701257023
15,11,3.16227766016838e-05,0,5,0.999999999999866,0.715577445144517
15,12,3.16227766016838e-05,0,1,0.999999999998944,0.881743730409184
15,12,3.16227766016838e-05,0,2,0.999999999999901,0.714952769906136
15,12,3.16227766016838e-05,0,3,0.99299204998307,0.703733607133764
15,12,3.16227766016838e-05,0,4,0.999999999999726,0.851778525234671
15,12,3.16227766016838e-05,0,5,0.999999999999885,0.403430377853793
15,13,3.16227766016838e-05,0,1,0.999999999999022,0.911626446033547
15,13,3.16227766016838e-05,0,2,0.999999999999904,0.544222566264257
15,13,3.16227766016838e-05,0,3,0.992748344640339,0.859135184267778
15,13,3.16227766016838e-05,0,4,0.999999999999699,0.822700523037677
15,13,3.16227766016838e-05,0,5,0.99999999999991,0.306906532805654
15,14,3.16227766016838e-05,0,1,0.999999999999914,0.64468322574004
15,14,3.16227766016838e-05,0,2,0.999999999999907,0.747194863959626
15,14,3.16227766016838e-05,0,3,0.999999999999855,0.437941848548483
15,14,3.16227766016838e-05,0,4,0.999999999999895,0.819997303506684
15,14,3.16227766016838e-05,0,5,0.9999999999999,0.216969047567207
15,15,3.16227766016838e-05,0,1,0.999999999999082,0.862137613584069
15,15,3.16227766016838e-05,0,2,0.999999999999916,0.713933311771114
15,15,3.16227766016838e-05,0,3,0.992927761230447,0.786369555488932
15,15,3.16227766016838e-05,0,4,0.999999999999746,0.74917630973311
15,15,3.16227766016838e-05,0,5,0.999999999999886,0.747635501998066
15,1,1e-04,0,1,0.999999999990852,0.868007711833461
15,1,1e-04,0,2,0.999999999998979,0.821824499941637
15,1,1e-04,0,3,0.993042161184723,0.603177849402649
15,1,1e-04,0,4,0.999999999996045,0.818413780027931
15,1,1e-04,0,5,0.999999999998851,0.653275266830943
15,2,1e-04,0,1,0.999999999988721,0.913893580093464
15,2,1e-04,0,2,0.999999999998782,0.379251222233235
15,2,1e-04,0,3,0.992959310811886,0.855476299679112
15,2,1e-04,0,4,0.999999999997663,0.43639815197874
15,2,1e-04,0,5,0.99999999999871,0.56651244568996
15,3,1e-04,0,1,0.999999999999126,0.932695804165278
15,3,1e-04,0,2,0.999999999999095,0.708838112992895
15,3,1e-04,0,3,0.999999999998541,0.202186781534818
15,3,1e-04,0,4,0.999999999998907,0.328631389604805
15,3,1e-04,0,5,0.999999999998952,0.705061318378924
15,4,1e-04,0,1,0.999999999991145,0.881933558523636
15,4,1e-04,0,2,0.999999999999047,0.687588270411959
15,4,1e-04,0,3,0.993079704272541,0.665686554365135
15,4,1e-04,0,4,0.999999999996903,0.799829655278687
15,4,1e-04,0,5,0.999999999998663,0.694480183350437
15,5,1e-04,0,1,0.999999999989431,0.659338996301862
15,5,1e-04,0,2,0.999999999999096,0.526738234101345
15,5,1e-04,0,3,0.993183388958078,0.318440656187319
15,5,1e-04,0,4,0.999999999997142,0.450274505263242
15,5,1e-04,0,5,0.999999999999004,-0.00860422931343243
15,6,1e-04,0,1,0.999999999993927,0.402375101786979
15,6,1e-04,0,2,0.999999999998992,0.851586786035351
15,6,1e-04,0,3,0.992443654119629,0.641088828066302
15,6,1e-04,0,4,0.999999999997925,0.596970323956975
15,6,1e-04,0,5,0.999999999998854,0.288886009288088
15,7,1e-04,0,1,0.999999999991295,0.898258069345941
15,7,1e-04,0,2,0.99999999999903,0.771259592410272
15,7,1e-04,0,3,0.992648672113835,0.856715698857653
15,7,1e-04,0,4,0.999999999996878,0.696556938148166
15,7,1e-04,0,5,0.999999999998713,0.797584994966498
15,8,1e-04,0,1,0.999999999989443,0.948708280570931
15,8,1e-04,0,2,0.999999999998904,0.691695796659685
15,8,1e-04,0,3,0.993171873996817,0.713979187307137
15,8,1e-04,0,4,0.999999999996405,0.827069724911937
15,8,1e-04,0,5,0.999999999998846,0.596054339026916
15,9,1e-04,0,1,0.999999999989321,0.843991499191284
15,9,1e-04,0,2,0.999999999999043,0.648776291084132
15,9,1e-04,0,3,0.993213794833116,0.681509286089533
15,9,1e-04,0,4,0.999999999997,0.671782973593037
15,9,1e-04,0,5,0.999999999998892,0.862963372431182
15,10,1e-04,0,1,0.999999999990476,0.817702820976898
15,10,1e-04,0,2,0.999999999998885,0.726521688104333
15,10,1e-04,0,3,0.99300934117086,0.710462371704614
15,10,1e-04,0,4,0.999999999996382,0.714112147798114
15,10,1e-04,0,5,0.999999999998793,0.504390488853627
15,11,1e-04,0,1,0.999999999990115,0.797564830218453
15,11,1e-04,0,2,0.999999999999048,0.81004670995611
15,11,1e-04,0,3,0.993162742631794,0.679065880979524
15,11,1e-04,0,4,0.999999999997185,-0.0792938996515867
15,11,1e-04,0,5,0.999999999998654,0.715577521077356
15,12,1e-04,0,1,0.999999999989443,0.881749560017668
15,12,1e-04,0,2,0.999999999999013,0.714952737741177
15,12,1e-04,0,3,0.992992049991773,0.70373055907102
15,12,1e-04,0,4,0.999999999997259,0.851777120410967
15,12,1e-04,0,5,0.99999999999885,0.403430919801141
15,13,1e-04,0,1,0.99999999999022,0.911630852145495
15,13,1e-04,0,2,0.999999999999037,0.544222307906969
15,13,1e-04,0,3,0.992748344648642,0.859131468357606
15,13,1e-04,0,4,0.99999999999699,0.822701339243334
15,13,1e-04,0,5,0.999999999999099,0.306906554405135
15,14,1e-04,0,1,0.999999999999143,0.644683405825431
15,14,1e-04,0,2,0.999999999999071,0.747194859639548
15,14,1e-04,0,3,0.999999999998548,0.437942230985189
15,14,1e-04,0,4,0.999999999998951,0.819997553490935
15,14,1e-04,0,5,0.999999999998998,0.216968771034391
15,15,1e-04,0,1,0.999999999990824,0.862140731138768
15,15,1e-04,0,2,0.999999999999157,0.71393309881537
15,15,1e-04,0,3,0.992927761238025,0.786365435570099
15,15,1e-04,0,4,0.999999999997459,0.749178932278997
15,15,1e-04,0,5,0.999999999998855,0.747635324763214
15,1,0.000316227766016838,0,1,0.999999999908539,0.868021881164876
15,1,0.000316227766016838,0,2,0.999999999989794,0.821823342816262
15,1,0.000316227766016838,0,3,0.993042161271538,0.603151086669117
15,1,0.000316227766016838,0,4,0.999999999960456,0.818401756329906
15,1,0.000316227766016838,0,5,0.999999999988514,0.653276990543269
15,2,0.000316227766016838,0,1,0.999999999887231,0.913897883793678
15,2,0.000316227766016838,0,2,0.999999999987817,0.379255536877593
15,2,0.000316227766016838,0,3,0.992959310907486,0.855470784777805
15,2,0.000316227766016838,0,4,0.999999999976635,0.436404133008184
15,2,0.000316227766016838,0,5,0.999999999987102,0.566505413857709
15,3,0.000316227766016838,0,1,0.999999999991265,0.932696031963961
15,3,0.000316227766016838,0,2,0.999999999990946,0.708837981629664
15,3,0.000316227766016838,0,3,0.999999999985414,0.202187793136982
15,3,0.000316227766016838,0,4,0.999999999989074,0.328631687934941
15,3,0.000316227766016838,0,5,0.999999999989518,0.705060750971236
15,4,0.000316227766016838,0,1,0.99999999991147,0.88194923002201
15,4,0.000316227766016838,0,2,0.99999999999047,0.687588650308748
15,4,0.000316227766016838,0,3,0.993079704351817,0.665660911300908
15,4,0.000316227766016838,0,4,0.999999999969033,0.799841378436874
15,4,0.000316227766016838,0,5,0.99999999998663,0.694470799734934
15,5,0.000316227766016838,0,1,0.999999999894328,0.659349902979891
15,5,0.000316227766016838,0,2,0.999999999990964,0.52673707373614
15,5,0.000316227766016838,0,3,0.993183389046179,0.318382998161431
15,5,0.000316227766016838,0,4,0.999999999971423,0.450282673782219
15,5,0.000316227766016838,0,5,0.999999999990041,-0.00861020817593718
15,6,0.000316227766016838,0,1,0.999999999939277,0.402447454798502
15,6,0.000316227766016838,0,2,0.999999999989925,0.851587128913756
15,6,0.000316227766016838,0,3,0.99244365416676,0.64105431059608
15,6,0.000316227766016838,0,4,0.99999999997925,0.596980379588931
15,6,0.000316227766016838,0,5,0.999999999988537,0.288889507713978
15,7,0.000316227766016838,0,1,0.999999999912971,0.898276697986431
15,7,0.000316227766016838,0,2,0.999999999990297,0.771258978867471
15,7,0.000316227766016838,0,3,0.992648672191008,0.85671040116189
15,7,0.000316227766016838,0,4,0.999999999968782,0.696545602168816
15,7,0.000316227766016838,0,5,0.999999999987131,0.797584675200633
15,8,0.000316227766016838,0,1,0.999999999894451,0.948708484970155
15,8,0.000316227766016838,0,2,0.999999999989039,0.691692393539731
15,8,0.000316227766016838,0,3,0.993171874092296,0.713994922194175
15,8,0.000316227766016838,0,4,0.999999999964054,0.82706951606825
15,8,0.000316227766016838,0,5,0.999999999988459,0.596055537488876
15,9,0.000316227766016838,0,1,0.999999999893232,0.843980904000914
15,9,0.000316227766016838,0,2,0.999999999990428,0.648775489725588
15,9,0.000316227766016838,0,3,0.993213794922945,0.681513145600715
15,9,0.000316227766016838,0,4,0.99999999997,0.671787606325445
15,9,0.000316227766016838,0,5,0.999999999988924,0.862962649081171
15,10,0.000316227766016838,0,1,0.99999999990478,0.817725291723812
15,10,0.000316227766016838,0,2,0.999999999988851,0.726512990760043
15,10,0.000316227766016838,0,3,0.993009341258081,0.710443842894274
15,10,0.000316227766016838,0,4,0.999999999963821,0.714109966229659
15,10,0.000316227766016838,0,5,0.999999999987932,0.504394862884211
15,11,0.000316227766016838,0,1,0.999999999901173,0.797575647632953
15,11,0.000316227766016838,0,2,0.999999999990479,0.810046899898957
15,11,0.000316227766016838,0,3,0.993162742715463,0.679037322780859
15,11,0.000316227766016838,0,4,0.999999999971856,-0.0792848220165627
15,11,0.000316227766016838,0,5,0.999999999986539,0.715577762750284
15,12,0.000316227766016838,0,1,0.999999999894455,0.881767995582239
15,12,0.000316227766016838,0,2,0.999999999990131,0.714952634650745
15,12,0.000316227766016838,0,3,0.992992050078781,0.703720923530529
15,12,0.000316227766016838,0,4,0.999999999972592,0.851772672417038
15,12,0.000316227766016838,0,5,0.999999999988502,0.403432630941115
15,13,0.000316227766016838,0,1,0.999999999902214,0.911644780823997
15,13,0.000316227766016838,0,2,0.999999999990373,0.544221485772542
15,13,0.000316227766016838,0,3,0.992748344731644,0.859119715275711
15,13,0.000316227766016838,0,4,0.999999999969905,0.822703924920539
15,13,0.000316227766016838,0,5,0.999999999990993,0.306906624928401
15,14,0.000316227766016838,0,1,0.999999999991433,0.644683975384541
15,14,0.000316227766016838,0,2,0.999999999990714,0.747194845916557
15,14,0.000316227766016838,0,3,0.99999999998548,0.437943440903637
15,14,0.000316227766016838,0,4,0.99999999998951,0.819998343850985
15,14,0.000316227766016838,0,5,0.999999999989982,0.21696789630135
15,15,0.000316227766016838,0,1,0.999999999908262,0.862150585426173
15,15,0.000316227766016838,0,2,0.999999999991566,0.713932426633983
15,15,0.000316227766016838,0,3,0.992927761313793,0.786352408415511
15,15,0.000316227766016838,0,4,0.999999999974593,0.749187225249464
15,15,0.000316227766016838,0,5,0.999999999988553,0.747634763755777
15,1,0.001,0,1,0.999999999085926,0.868066641043794
15,1,0.001,0,2,0.999999999897947,0.821819684158094
15,1,0.001,0,3,0.993042162139019,0.60306653760395
15,1,0.001,0,4,0.999999999604746,0.818363741472475
15,1,0.001,0,5,0.999999999885144,0.653282442248125
15,2,0.001,0,1,0.999999998873088,0.913911481004728
15,2,0.001,0,2,0.999999999878188,0.379269182411308
15,2,0.001,0,3,0.99295931186263,0.855453364295349
15,2,0.001,0,4,0.999999999766463,0.436423051846996
15,2,0.001,0,5,0.99999999987104,0.566483184560242
15,3,0.001,0,1,0.999999999912657,0.932696752285252
15,3,0.001,0,2,0.999999999909463,0.708837565870221
15,3,0.001,0,3,0.999999999854145,0.202190988388076
15,3,0.001,0,4,0.999999999890749,0.328632633055591
15,3,0.001,0,5,0.999999999895184,0.705058957736376
15,4,0.001,0,1,0.999999999115238,0.881998747681536
15,4,0.001,0,2,0.999999999904713,0.687589852405858
15,4,0.001,0,3,0.993079705143949,0.665579874844455
15,4,0.001,0,4,0.99999999969047,0.799878412446978
15,4,0.001,0,5,0.999999999866313,0.694441129493755
15,5,0.001,0,1,0.999999998943951,0.659384358344284
15,5,0.001,0,2,0.999999999909642,0.526733407643599
15,5,0.001,0,3,0.993183389926475,0.318200748243443
15,5,0.001,0,4,0.999999999714333,0.45030849077485
15,5,0.001,0,5,0.999999999900412,-0.00862911278074401
15,6,0.001,0,1,0.999999999393167,0.402676141637063
15,6,0.001,0,2,0.99999999989926,0.851588212096452
15,6,0.001,0,3,0.992443654637673,0.64094517523331
15,6,0.001,0,4,0.999999999792542,0.597012169548227
15,6,0.001,0,5,0.999999999885372,0.288900571664181
15,7,0.001,0,1,0.999999999130248,0.898335562827941
15,7,0.001,0,2,0.999999999902973,0.771257041018199
15,7,0.001,0,3,0.992648672962074,0.856693667407929
15,7,0.001,0,4,0.999999999687997,0.696509768980917
15,7,0.001,0,5,0.999999999871322,0.797583663885425
15,8,0.001,0,1,0.999999998945145,0.948709129395219
15,8,0.001,0,2,0.999999999890402,0.691681636774952
15,8,0.001,0,3,0.993171875046306,0.714044753780016
15,8,0.001,0,4,0.999999999640728,0.827068869306474
15,8,0.001,0,5,0.999999999884602,0.596059326029776
15,9,0.001,0,1,0.999999998933073,0.84394740227828
15,9,0.001,0,2,0.999999999904287,0.648773043357613
15,9,0.001,0,3,0.993213795820421,0.681525348394829
15,9,0.001,0,4,0.999999999700131,0.671802209666273
15,9,0.001,0,5,0.999999999889247,0.862960361846198
15,10,0.001,0,1,0.999999999048415,0.817796296990086
15,10,0.001,0,2,0.999999999888526,0.726485491798764
15,10,0.001,0,3,0.99300934212955,0.71038529404303
15,10,0.001,0,4,0.999999999638381,0.714103078203682
15,10,0.001,0,5,0.999999999879325,0.504408693100029
15,11,0.001,0,1,0.999999999012399,0.797609838531086
15,11,0.001,0,2,0.999999999904791,0.81004749875131
15,11,0.001,0,3,0.993162743551424,0.678947068102856
15,11,0.001,0,4,0.999999999718681,-0.079256047888882
15,11,0.001,0,5,0.999999999865408,0.715578526674775
15,12,0.001,0,1,0.99999999894529,0.88182625608098
15,12,0.001,0,2,0.999999999901311,0.714952308656773
15,12,0.001,0,3,0.992992050948075,0.703690486242494
15,12,0.001,0,4,0.999999999726031,0.851758612237248
15,12,0.001,0,5,0.999999999885029,0.403438041066128
15,13,0.001,0,1,0.999999999022719,0.911688787891998
15,13,0.001,0,2,0.999999999903732,0.54421888577484
15,13,0.001,0,3,0.992748345561019,0.859082525371092
15,13,0.001,0,4,0.999999999699176,0.822712094263418
15,13,0.001,0,5,0.999999999909936,0.306906849839296
15,14,0.001,0,1,0.999999999914333,0.644685776294632
15,14,0.001,0,2,0.999999999907149,0.747194801888851
15,14,0.001,0,3,0.999999999854805,0.437947267892786
15,14,0.001,0,4,0.999999999895107,0.820000842858493
15,14,0.001,0,5,0.999999999899823,0.216965130099015
15,15,0.001,0,1,0.999999999083205,0.862181716417324
15,15,0.001,0,2,0.999999999915671,0.713930302006177
15,15,0.001,0,3,0.992927762070845,0.786311224672783
15,15,0.001,0,4,0.999999999746025,0.749213440013572
15,15,0.001,0,5,0.999999999885539,0.747632989850429
15,1,0.00316227766016838,0,1,0.999999990876347,0.868207711898897
15,1,0.00316227766016838,0,2,0.999999998979722,0.821808115313978
15,1,0.00316227766016838,0,3,0.99304217079259,0.602799991069245
15,1,0.00316227766016838,0,4,0.999999996053202,0.818243597334289
15,1,0.00316227766016838,0,5,0.999999998851737,0.653299680944193
15,2,0.00316227766016838,0,1,0.999999988755486,0.91395435466131
15,2,0.00316227766016838,0,2,0.999999998782611,0.379312302251729
15,2,0.00316227766016838,0,3,0.992959321387146,0.855398467221511
15,2,0.00316227766016838,0,4,0.999999997668118,0.436482936690881
15,2,0.00316227766016838,0,5,0.999999998710909,0.566412925679633
15,3,0.00316227766016838,0,1,0.999999999126727,0.932699029740395
15,3,0.00316227766016838,0,2,0.9999999990948,0.708836248688355
15,3,0.00316227766016838,0,3,0.999999998541728,0.202201095471714
15,3,0.00316227766016838,0,4,0.9999999989077,0.328635623609957
15,3,0.00316227766016838,0,5,0.999999998952016,0.705053283414085
15,4,0.00316227766016838,0,1,0.999999991169323,0.882154963865548
15,4,0.00316227766016838,0,2,0.999999999047437,0.687593642317829
15,4,0.00316227766016838,0,3,0.993079713045281,0.66532415507205
15,4,0.00316227766016838,0,4,0.999999996909078,0.799995210507996
15,4,0.00316227766016838,0,5,0.99999999866357,0.694347322080745
15,5,0.00316227766016838,0,1,0.999999989460589,0.659492965746232
15,5,0.00316227766016838,0,2,0.999999999096656,0.526721840810142
15,5,0.00316227766016838,0,3,0.993183398706824,0.317625232295142
15,5,0.00316227766016838,0,4,0.999999997146684,0.450390009210329
15,5,0.00316227766016838,0,5,0.999999999004298,-0.0086888776533667
15,6,0.00316227766016838,0,1,0.999999993944084,0.40339817436556
15,6,0.00316227766016838,0,2,0.999999998992892,0.851591628431397
15,6,0.00316227766016838,0,3,0.99244365933434,0.640600243924032
15,6,0.00316227766016838,0,4,0.999999997926639,0.597112608764252
15,6,0.00316227766016838,0,5,0.999999998853858,0.288935568564568
15,7,0.00316227766016838,0,1,0.999999991319492,0.898521268822485
15,7,0.00316227766016838,0,2,0.999999999029947,0.771250926982269
15,7,0.00316227766016838,0,3,0.992648680651707,0.856640940644732
15,7,0.00316227766016838,0,4,0.999999996885493,0.696396659951296
15,7,0.00316227766016838,0,5,0.999999998713632,0.797580468940844
15,8,0.00316227766016838,0,1,0.999999989471633,0.948711146701409
15,8,0.00316227766016838,0,2,0.999999998904443,0.691647682661873
15,8,0.00316227766016838,0,3,0.993171884561887,0.714203065371275
15,8,0.00316227766016838,0,4,0.999999996413224,0.827066952395709
15,8,0.00316227766016838,0,5,0.999999998846369,0.596071299401828
15,9,0.00316227766016838,0,1,0.999999989354611,0.843841447305816
15,9,0.00316227766016838,0,2,0.999999999043076,0.648765303928353
15,9,0.00316227766016838,0,3,0.9932138047693,0.681563916274186
15,9,0.00316227766016838,0,4,0.99999999700532,0.671848355896134
15,9,0.00316227766016838,0,5,0.999999998892694,0.862953130746793
15,10,0.00316227766016838,0,1,0.999999990503566,0.81802030971322
15,10,0.00316227766016838,0,2,0.99999999888562,0.72639858951844
15,10,0.00316227766016838,0,3,0.993009350821065,0.710200589826676
15,10,0.00316227766016838,0,4,0.999999996389165,0.714081387571041
15,10,0.00316227766016838,0,5,0.999999998793591,0.504452400373111
15,11,0.00316227766016838,0,1,0.999999990145081,0.797717788182893
15,11,0.00316227766016838,0,2,0.999999999048111,0.810049391174573
15,11,0.00316227766016838,0,3,0.993162751887908,0.678662200139892
15,11,0.00316227766016838,0,4,0.999999997190476,-0.0791645555051296
15,11,0.00316227766016838,0,5,0.99999999865453,0.715580936609379
15,12,0.00316227766016838,0,1,0.999999989476233,0.882010109848016
15,12,0.00316227766016838,0,2,0.9999999990133,0.714951277970411
15,12,0.00316227766016838,0,3,0.992992059616029,0.703594563998919
15,12,0.00316227766016838,0,4,0.999999997263858,0.851714202986622
15,12,0.00316227766016838,0,5,0.999999998850601,0.403455135163672
15,13,0.00316227766016838,0,1,0.999999990245383,0.91182755635516
15,13,0.00316227766016838,0,2,0.999999999037507,0.544210667343639
15,13,0.00316227766016838,0,3,0.992748353834385,0.858964686875761
15,13,0.00316227766016838,0,4,0.999999996995687,0.822737850439402
15,13,0.00316227766016838,0,5,0.99999999909951,0.306907565949948
15,14,0.00316227766016838,0,1,0.99999999914348,0.644691470543415
15,14,0.00316227766016838,0,2,0.999999999071668,0.747194662208243
15,14,0.00316227766016838,0,3,0.99999999854834,0.437959368467778
15,14,0.00316227766016838,0,4,0.999999998951245,0.820008743816466
15,14,0.00316227766016838,0,5,0.99999999899841,0.216956381466941
15,15,0.00316227766016838,0,1,0.999999990850374,0.862279846258442
15,15,0.00316227766016838,0,2,0.999999999156949,0.713923598494008
15,15,0.00316227766016838,0,3,0.992927769621666,0.786181107757647
15,15,0.00316227766016838,0,4,0.999999997463071,0.749296237412315
15,15,0.00316227766016838,0,5,0.999999998855675,0.7476273814928
15,1,0.01,0,1,0.99999990930265,0.868649126733921
15,1,0.01,0,2,0.999999989805139,0.821771545117823
15,1,0.01,0,3,0.993042256658407,0.601965300565949
15,1,0.01,0,4,0.999999960713095,0.817864367407743
15,1,0.01,0,5,0.999999988526595,0.653354193649971
15,2,0.01,0,1,0.999999888330496,0.914088696115265
15,2,0.01,0,2,0.999999987849207,0.379448345893324
15,2,0.01,0,3,0.992959415784361,0.855226769156209
15,2,0.01,0,4,0.999999976790678,0.43667287642912
15,2,0.01,0,5,0.999999987125261,0.566191113248814
15,3,0.01,0,1,0.999999991272082,0.93270622783476
15,3,0.01,0,2,0.99999999095341,0.708832059788525
15,3,0.01,0,3,0.999999985426112,0.202233084701364
15,3,0.01,0,4,0.999999989083646,0.328645093863671
15,3,0.01,0,5,0.999999989525655,0.705035307337287
15,4,0.01,0,1,0.999999912227566,0.882645254762158
15,4,0.01,0,2,0.999999990484094,0.687605512966508
15,4,0.01,0,3,0.99307979142846,0.664520887191334
15,4,0.01,0,4,0.999999969228584,0.80036143971226
15,4,0.01,0,5,0.99999998664944,0.694050854605649
15,5,0.01,0,1,0.999999895270722,0.659832960123316
15,5,0.01,0,2,0.999999990973873,0.526685527233633
15,5,0.01,0,3,0.993183485797273,0.315813415957151
15,5,0.01,0,4,0.99999997157244,0.450646531748187
15,5,0.01,0,5,0.999999990048548,-0.00887771259383862
15,6,0.01,0,1,0.999999939831369,0.405670072322156
15,6,0.01,0,2,0.999999989938173,0.851602346225854
15,6,0.01,0,3,0.992443705908978,0.639511330844004
15,6,0.01,0,4,0.999999979305006,0.597429327727491
15,6,0.01,0,5,0.999999988542772,0.289046334730324
15,7,0.01,0,1,0.999999913731245,0.899104132095012
15,7,0.01,0,2,0.999999990306386,0.771231734894314
15,7,0.01,0,3,0.992648756886105,0.856476093796464
15,7,0.01,0,4,0.999999969028333,0.696041005169119
15,7,0.01,0,5,0.999999987149305,0.797570395297303
15,8,0.01,0,1,0.999999895353386,0.948717322112365
15,8,0.01,0,2,0.999999989057648,0.691540909998306
15,8,0.01,0,3,0.993171978944289,0.714710844744403
15,8,0.01,0,4,0.999999964319023,0.827062172182103
15,8,0.01,0,5,0.999999988474668,0.596109086172884
15,9,0.01,0,1,0.999999894298368,0.843506276592594
15,9,0.01,0,2,0.999999990437279,0.648741046073041
15,9,0.01,0,3,0.993213893443097,0.681685664348615
15,9,0.01,0,4,0.999999970179403,0.67199383273003
15,9,0.01,0,5,0.999999988933889,0.862930283073686
15,10,0.01,0,1,0.999999905647805,0.818723468982109
15,10,0.01,0,2,0.999999988867474,0.72612433913661
15,10,0.01,0,3,0.993009437006058,0.7096209264125
15,10,0.01,0,4,0.999999964060205,0.714013710481647
15,10,0.01,0,5,0.999999987946575,0.504590343821217
15,11,0.01,0,1,0.999999902115508,0.798057442852945
15,11,0.01,0,2,0.999999990487369,0.81005535595613
15,11,0.01,0,3,0.993162834524265,0.677766781492256
15,11,0.01,0,4,0.999999972020085,-0.0788702066086893
15,11,0.01,0,5,0.99999998655948,0.715588500855821
15,12,0.01,0,1,0.999999895497313,0.8825876926922
15,12,0.01,0,2,0.999999990139113,0.714948019504645
15,12,0.01,0,3,0.992992145509058,0.703294498068064
15,12,0.01,0,4,0.99999997275029,0.851574297068765
15,12,0.01,0,5,0.999999988515941,0.403509049338769
15,13,0.01,0,1,0.999999903027893,0.912262462154873
15,13,0.01,0,2,0.999999990381,0.544184712013002
15,13,0.01,0,3,0.992748435925104,0.858589720501016
15,13,0.01,0,4,0.999999970080402,0.822818530299689
15,13,0.01,0,5,0.999999990999909,0.30690987935573
15,14,0.01,0,1,0.999999991439521,0.644709470097379
15,14,0.01,0,2,0.999999990722428,0.747194213336153
15,14,0.01,0,3,0.999999985492558,0.437997618778091
15,14,0.01,0,4,0.999999989518053,0.820033710004066
15,14,0.01,0,5,0.999999989989812,0.21692871860025
15,15,0.01,0,1,0.999999909081212,0.862587030546699
15,15,0.01,0,2,0.999999991577125,0.713902550713789
15,15,0.01,0,3,0.99292784450935,0.785770821469979
15,15,0.01,0,4,0.999999974719617,0.749557057408834
15,15,0.01,0,5,0.999999988565888,0.747609658682796
15,1,0.0316227766016838,0,1,0.999999109945243,0.869999194762972
15,1,0.0316227766016838,0,2,0.999999898300438,0.821656038949102
15,1,0.0316227766016838,0,3,0.993043094327414,0.599407544597414
15,1,0.0316227766016838,0,4,0.999999612790159,0.816672245733175
15,1,0.0316227766016838,0,5,0.99999988555637,0.653526565138787
15,2,0.0316227766016838,0,1,0.999998907577014,0.914501407042225
15,2,0.0316227766016838,0,2,0.999999879207783,0.379875358821647
15,2,0.0316227766016838,0,3,0.992960333280899,0.854702462583026
15,2,0.0316227766016838,0,4,0.99999977129371,0.437278738523728
15,2,0.0316227766016838,0,5,0.999999871760465,0.565493317235132
15,3,0.0316227766016838,0,1,0.999999912872665,0.932728951835912
15,3,0.0316227766016838,0,2,0.999999909704728,0.708818577457178
15,3,0.0316227766016838,0,3,0.999999854539843,0.202334520643567
15,3,0.0316227766016838,0,4,0.999999891046113,0.328675174825403
15,3,0.0316227766016838,0,5,0.999999895430057,0.704978139175991
15,4,0.0316227766016838,0,1,0.999999139018043,0.884159142118745
15,4,0.0316227766016838,0,2,0.999999905145369,0.687641928198796
15,4,0.0316227766016838,0,3,0.993080555550135,0.662034256612084
15,4,0.0316227766016838,0,4,0.999999696579367,0.801488809696499
15,4,0.0316227766016838,0,5,0.99999986692716,0.693115136399503
15,5,0.0316227766016838,0,1,0.999998973556955,0.660874303848295
15,5,0.0316227766016838,0,2,0.999999909968046,0.526573280383276
15,5,0.0316227766016838,0,3,0.993184334368306,0.310166265360832
15,5,0.0316227766016838,0,4,0.999999719018095,0.45144523108767
15,5,0.0316227766016838,0,5,0.999999900661015,-0.00947328359019286
15,6,0.0316227766016838,0,1,0.999999410455109,0.412741233486209
15,6,0.0316227766016838,0,2,0.999999899672441,0.851635392865181
15,6,0.0316227766016838,0,3,0.992444159467928,0.636086600526407
15,6,0.0316227766016838,0,4,0.999999794263687,0.598421952004421
15,6,0.0316227766016838,0,5,0.999999885559634,0.289397574204661
15,7,0.0316227766016838,0,1,0.999999154099964,0.900904006502962
15,7,0.0316227766016838,0,2,0.999999903281699,0.771172463301424
15,7,0.0316227766016838,0,3,0.992649498572737,0.855973373453881
15,7,0.0316227766016838,0,4,0.999999695657765,0.694936209803745
15,7,0.0316227766016838,0,5,0.999999871901736,0.797538833364113
15,8,0.0316227766016838,0,1,0.999998973559904,0.948734859105218
15,8,0.0316227766016838,0,2,0.999999890989116,0.691209149580145
15,8,0.0316227766016838,0,3,0.993172898528924,0.716383517228157
15,8,0.0316227766016838,0,4,0.999999648999095,0.827059515361357
15,8,0.0316227766016838,0,5,0.99999988509149,0.59622781149762
15,9,0.0316227766016838,0,1,0.999998966482657,0.842445972975524
15,9,0.0316227766016838,0,2,0.999999904577966,0.648666455309809
15,9,0.0316227766016838,0,3,0.993214754750245,0.682068315745014
15,9,0.0316227766016838,0,4,0.999999705723545,0.672449369685222
15,9,0.0316227766016838,0,5,0.999999889558195,0.862858222126254
15,10,0.0316227766016838,0,1,0.999999075635378,0.820895475450556
15,10,0.0316227766016838,0,2,0.999999889028229,0.725262627325812
15,10,0.0316227766016838,0,3,0.9930102760362,0.707831687500644
15,10,0.0316227766016838,0,4,0.999999645857781,0.713808744361931
15,10,0.0316227766016838,0,5,0.999999879801299,0.505023858446166
15,11,0.0316227766016838,0,1,0.999999041928533,0.799114443659758
15,11,0.0316227766016838,0,2,0.999999905070901,0.81007402436815
15,11,0.0316227766016838,0,3,0.993163638147658,0.674988978996529
15,11,0.0316227766016838,0,4,0.999999723790217,-0.0778906591586905
15,11,0.0316227766016838,0,5,0.999999866041109,0.715611858753183
15,12,0.0316227766016838,0,1,0.99999897792704,0.884376236976195
15,12,0.0316227766016838,0,2,0.99999990158404,0.71493772472712
15,12,0.0316227766016838,0,3,0.992992979903413,0.702377574936997
15,12,0.0316227766016838,0,4,0.999999730978685,0.851137127997159
15,12,0.0316227766016838,0,5,0.999999885471639,0.403678126914988
15,13,0.0316227766016838,0,1,0.999999048294215,0.913599240407535
15,13,0.0316227766016838,0,2,0.999999903996895,0.544102966692933
15,13,0.0316227766016838,0,3,0.992749236690485,0.857380989617193
15,13,0.0316227766016838,0,4,0.999999704653233,0.823066113831859
15,13,0.0316227766016838,0,5,0.999999910150809,0.30691767831617
15,14,0.0316227766016838,0,1,0.999999914544053,0.644766317407542
15,14,0.0316227766016838,0,2,0.999999907405427,0.747192729940524
15,14,0.0316227766016838,0,3,0.999999855214537,0.438118426499053
15,14,0.0316227766016838,0,4,0.999999895357303,0.820112466890792
15,14,0.0316227766016838,0,5,0.999999900078493,0.216841266733453
15,15,0.0316227766016838,0,1,0.999999108872449,0.863527786488386
15,15,0.0316227766016838,0,2,0.999999916009719,0.713837468243947
15,15,0.0316227766016838,0,3,0.992928573998119,0.784485309052418
15,15,0.0316227766016838,0,4,0.999999749969802,0.750371806173571
15,15,0.0316227766016838,0,5,0.999999885946865,0.747553738073793
15,1,0.1,0,1,0.999991619594364,0.873843470478157
15,1,0.1,0,2,0.999998990751407,0.821292219145857
15,1,0.1,0,3,0.993050828355318,0.5921245601197
15,1,0.1,0,4,0.999996300191199,0.812976851485717
15,1,0.1,0,5,0.999998864617442,0.654071422219355
15,2,0.1,0,1,0.999989815400448,0.915693115241833
15,2,0.1,0,2,0.999998813344788,0.381192076929671
15,2,0.1,0,3,0.992968706614572,0.853219343951338
15,2,0.1,0,4,0.999997812913767,0.439233829252978
15,2,0.1,0,5,0.999998733320772,0.56332252797165
15,3,0.1,0,1,0.999999133498037,0.932800429815556
15,3,0.1,0,2,0.999999102400698,0.708773591994291
15,3,0.1,0,3,0.999998554149027,0.202658075317939
15,3,0.1,0,4,0.999998917038442,0.328771631468048
15,3,0.1,0,5,0.999998959750911,0.704794099414378
15,4,0.1,0,1,0.999991902756093,0.88859788038822
15,4,0.1,0,2,0.999999060775274,0.687746405929208
15,4,0.1,0,3,0.993087596261424,0.654693045175931
15,4,0.1,0,4,0.999997095320408,0.804760191334769
15,4,0.1,0,5,0.999998682772442,0.69017458480648
15,5,0.1,0,1,0.999990375316121,0.663851038188332
15,5,0.1,0,2,0.999999106750947,0.526242630389852
15,5,0.1,0,3,0.993192137288944,0.293158681051637
15,5,0.1,0,4,0.999997289887731,0.45384974483895
15,5,0.1,0,5,0.999999012121284,-0.0113411732607018
15,6,0.1,0,1,0.999994468206904,0.43398936156335
15,6,0.1,0,2,0.999999005746044,0.851731768935053
15,6,0.1,0,3,0.992448330099611,0.625448146961959
15,6,0.1,0,4,0.999997980262686,0.601473118191618
15,6,0.1,0,5,0.999998859692431,0.290518064776684
15,7,0.1,0,1,0.999992053388219,0.90618212700185
15,7,0.1,0,2,0.999999039612879,0.77099908514615
15,7,0.1,0,3,0.992656290352742,0.854559010686427
15,7,0.1,0,4,0.99999711612413,0.691629612755156
15,7,0.1,0,5,0.999998731738266,0.797441871031062
15,8,0.1,0,1,0.9999903541128,0.94877185402204
15,8,0.1,0,2,0.999998922440231,0.690215513641353
15,8,0.1,0,3,0.993181352049277,0.722206300994793
15,8,0.1,0,4,0.999996664177013,0.827164882247355
15,8,0.1,0,5,0.99999886159577,0.596595458399461
15,9,0.1,0,1,0.999990377326214,0.839109275253354
15,9,0.1,0,2,0.999999052180907,0.648450519303374
15,9,0.1,0,3,0.993222599139795,0.683249150381022
15,9,0.1,0,4,0.999997175558246,0.673845072293837
15,9,0.1,0,5,0.999998902455808,0.86263221593919
15,10,0.1,0,1,0.999991340626434,0.82727158259689
15,10,0.1,0,2,0.999998901181978,0.722591709707443
15,10,0.1,0,3,0.993017973016445,0.702597686058591
15,10,0.1,0,4,0.99999661747962,0.713247880466456
15,10,0.1,0,5,0.999998808452388,0.506368136096165
15,11,0.1,0,1,0.999991050234639,0.802288144675592
15,11,0.1,0,2,0.999999056876586,0.8101311805049
15,11,0.1,0,3,0.993170986015823,0.666728713148698
15,11,0.1,0,4,0.999997345852076,-0.0743518176903032
15,11,0.1,0,5,0.999998674319365,0.715680222496237
15,12,0.1,0,1,0.99999047490046,0.889660860119714
15,12,0.1,0,2,0.999999021892266,0.714905269242308
15,12,0.1,0,3,0.993000582670313,0.699776156751811
15,12,0.1,0,4,0.999997414242941,0.849806117593402
15,12,0.1,0,5,0.999998864424085,0.404198869857654
15,13,0.1,0,1,0.999991037073956,0.917462447347374
15,13,0.1,0,2,0.999999045828419,0.543847645964998
15,13,0.1,0,3,0.992756627885199,0.853340973117845
15,13,0.1,0,4,0.999997162693356,0.823777716592026
15,13,0.1,0,5,0.999999106270559,0.306946989753464
15,14,0.1,0,1,0.999999150117914,0.644945364467063
15,14,0.1,0,2,0.999999079737843,0.747187406807304
15,14,0.1,0,3,0.999998561210801,0.438498955841445
15,14,0.1,0,4,0.99999895912213,0.820359600029316
15,14,0.1,0,5,0.99999900645218,0.216564982077286
15,15,0.1,0,1,0.999991638696835,0.866216215319613
15,15,0.1,0,2,0.99999916737058,0.713645566507358
15,15,0.1,0,3,0.992935280129763,0.78054290344062
15,15,0.1,0,4,0.999997583718871,0.752849516729395
15,15,0.1,0,5,0.999998868478282,0.747378144346857
15,1,0.316227766016838,0,1,0.999930840101442,0.882642949011715
15,1,0.316227766016838,0,2,0.999990140627916,0.820157447363838
15,1,0.316227766016838,0,3,0.999967801120499,0.802107940263176
15,1,0.316227766016838,0,4,0.993110236098787,0.576477830716408
15,1,0.316227766016838,0,5,0.999988920205835,0.655789210562414
15,2,0.316227766016838,0,1,0.999918394283942,0.918540384381875
15,2,0.316227766016838,0,2,0.999988696590044,0.384993275281015
15,2,0.316227766016838,0,3,0.999980698652813,0.445503258598858
15,2,0.316227766016838,0,4,0.993030842023721,0.849931802188968
15,2,0.316227766016838,0,5,0.999987798169797,0.556799762126644
15,3,0.316227766016838,0,1,0.999991482897832,0.933022711963923
15,3,0.316227766016838,0,2,0.999991189172637,0.708608070432395
15,3,0.316227766016838,0,3,0.999989373267896,0.329089928390115
15,3,0.316227766016838,0,4,0.999985812044722,0.203709570642447
15,3,0.316227766016838,0,5,0.999989766294295,0.704178573748822
15,4,0.316227766016838,0,1,0.999933317289365,0.89966769517188
15,4,0.316227766016838,0,2,0.999990876825709,0.687985096666117
15,4,0.316227766016838,0,3,0.99997448012733,0.812584809979556
15,4,0.316227766016838,0,4,0.993141453879939,0.636191783795353
15,4,0.316227766016838,0,5,0.999987236895176,0.681074334353334
15,5,0.316227766016838,0,1,0.999921631554455,0.670718316021821
15,5,0.316227766016838,0,2,0.999991275975683,0.525398979952224
15,5,0.316227766016838,0,3,0.999975646523833,0.460354335897427
15,5,0.316227766016838,0,4,0.993251255649674,0.248172828172643
15,5,0.316227766016838,0,5,0.999990291611923,-0.0171022614943233
15,6,0.316227766016838,0,1,0.9999543420412,0.490911783792492
15,6,0.316227766016838,0,2,0.99999032685522,0.851964729284161
15,6,0.316227766016838,0,3,0.999980918637094,0.610292042142762
15,6,0.316227766016838,0,4,0.992480350842591,0.593798111936213
15,6,0.316227766016838,0,5,0.999988719046873,0.294162690743661
15,7,0.316227766016838,0,1,0.999934706939156,0.919345111312777
15,7,0.316227766016838,0,2,0.999990602176374,0.770587080301938
15,7,0.316227766016838,0,3,0.99997531232188,0.682701390187119
15,7,0.316227766016838,0,4,0.992707284323109,0.85152816354514
15,7,0.316227766016838,0,5,0.999987700411385,0.797161010021542
15,8,0.316227766016838,0,1,0.999921069648787,0.948745199833325
15,8,0.316227766016838,0,2,0.999989579268203,0.687538090129361
15,8,0.316227766016838,0,3,0.999971293062568,0.828338914708318
15,8,0.316227766016838,0,4,0.993245262799761,0.742657546306016
15,8,0.316227766016838,0,5,0.999988933331755,0.597677310782537
15,9,0.316227766016838,0,1,0.999923050743121,0.829163355803842
15,9,0.316227766016838,0,2,0.999990716443155,0.647933810257415
15,9,0.316227766016838,0,3,0.999974965335524,0.677824448668201
15,9,0.316227766016838,0,4,0.993280404802839,0.686579285184289
15,9,0.316227766016838,0,5,0.999989236034597,0.861935412526386
15,10,0.316227766016838,0,1,0.999929499943102,0.843235066106224
15,10,0.316227766016838,0,2,0.99998933141734,0.714644697070418
15,10,0.316227766016838,0,3,0.999970521802467,0.712247649325064
15,10,0.316227766016838,0,4,0.993076010206334,0.689772473809481
15,10,0.316227766016838,0,5,0.999988398599095,0.510365064095127
15,11,0.316227766016838,0,1,0.999927689439061,0.810749423973205
15,11,0.316227766016838,0,2,0.999990757421146,0.810294828964626
15,11,0.316227766016838,0,3,0.999976378184231,-0.0600250155489586
15,11,0.316227766016838,0,4,0.993225867006446,0.645297925010719
15,11,0.316227766016838,0,5,0.999987163311711,0.715845092598999
15,12,0.316227766016838,0,1,0.999923572954637,0.903017931672659
15,12,0.316227766016838,0,2,0.999990405604031,0.714803768973739
15,12,0.316227766016838,0,3,0.999976963407658,0.846074420071061
15,12,0.316227766016838,0,4,0.993056719045128,0.693923549388475
15,12,0.316227766016838,0,5,0.999988935836792,0.405712920073746
15,13,0.316227766016838,0,1,0.999926007007048,0.926665046392245
15,13,0.316227766016838,0,2,0.999990638766851,0.543068241626503
15,13,0.316227766016838,0,3,0.999974797294526,0.825432249862061
15,13,0.316227766016838,0,4,0.992813357295601,0.83895499110936
15,13,0.316227766016838,0,5,0.999991209898962,0.307080893980675
15,14,0.316227766016838,0,1,0.999991646195292,0.645504453329139
15,14,0.316227766016838,0,2,0.999990972746359,0.747164470675371
15,14,0.316227766016838,0,3,0.999989762714951,0.821122339265829
15,14,0.316227766016838,0,4,0.999985891761673,0.439687472871461
15,14,0.316227766016838,0,5,0.999990240157832,0.215694051469495
15,15,0.316227766016838,0,1,0.999931523684394,0.872416210264382
15,15,0.316227766016838,0,2,0.999991881799051,0.713155041604352
15,15,0.316227766016838,0,3,0.999978159654462,0.759757482045086
15,15,0.316227766016838,0,4,0.992986250715667,0.769354650567252
15,15,0.316227766016838,0,5,0.999988960295428,0.74683539183541
15,1,1,0,1,0.999598751526795,0.893692942732272
15,1,1,0,2,0.999907829017051,0.816742077099438
15,1,1,0,3,0.999777829533879,0.776133113660476
15,1,1,0,4,0.993354723036381,0.572856594774476
15,1,1,0,5,0.999896838026391,0.66110120226648
15,2,1,0,1,0.999557045006097,0.922564314359716
15,2,1,0,2,0.999898684163881,0.393649416055848
15,2,1,0,3,0.999853455587162,0.462329045109722
15,2,1,0,4,0.993267266571621,0.846408893830682
15,2,1,0,5,0.999890104029227,0.539109728649336
15,3,1,0,1,0.999919228479918,0.933690069217506
15,3,1,0,2,0.999916735269215,0.707858750460521
15,3,1,0,3,0.999899680510894,0.330228299780467
15,3,1,0,4,0.999866110419946,0.207333254241003
15,3,1,0,5,0.999902664018144,0.701864625303864
15,4,1,0,1,0.99961268220768,0.917276410238126
15,4,1,0,2,0.999915629689505,0.68813868090356
15,4,1,0,3,0.999815796404084,0.822201176017856
15,4,1,0,4,0.993363773208391,0.608454336431561
15,4,1,0,5,0.999883727032666,0.654567153255613
15,5,1,0,1,0.999562117660019,0.679380871740637
15,5,1,0,2,0.999918374866185,0.523956989389624
15,5,1,0,3,0.999814029967811,0.472829195977622
15,5,1,0,4,0.993484638806204,0.176192660052236
15,5,1,0,5,0.999907945692309,-0.0341004699454403
15,6,1,0,1,0.999723186989133,0.599223625311578
15,6,1,0,2,0.999910513241315,0.852200203043987
15,6,1,0,3,0.999837840840433,0.631355167468242
15,6,1,0,4,0.992621861252077,0.512678123674052
15,6,1,0,5,0.999890355278348,0.30681526944036
15,7,1,0,1,0.999620878668708,0.940289854062308
15,7,1,0,2,0.99991176605627,0.770516260158439
15,7,1,0,3,0.999828640841423,0.662121076329552
15,7,1,0,4,0.992904561004824,0.849344820193777
15,7,1,0,5,0.999887479672262,0.796463263005818
15,8,1,0,1,0.999555100762777,0.948052154450494
15,8,1,0,2,0.999904371542547,0.681921893900826
15,8,1,0,3,0.999801457120375,0.834901159703089
15,8,1,0,4,0.99349412222741,0.790562471915636
15,8,1,0,5,0.999897790821557,0.600279914050084
15,9,1,0,1,0.999580536673684,0.807104628997219
15,9,1,0,2,0.999912720418389,0.647305788803004
15,9,1,0,3,0.999814315047725,0.686836630233554
15,9,1,0,4,0.993491323554477,0.692940221194096
15,9,1,0,5,0.999898520297923,0.859888283189074
15,10,1,0,1,0.999600351188406,0.868971851124195
15,10,1,0,2,0.999901565213556,0.693426456888303
15,10,1,0,3,0.999792877431974,0.714161062648867
15,10,1,0,4,0.993303652292695,0.671472079919663
15,10,1,0,5,0.99989259794885,0.520812637528275
15,11,1,0,1,0.999595797015932,0.826439941487144
15,11,1,0,2,0.999913010738772,0.810678702675501
15,11,1,0,3,0.999822379696252,-0.00802882211144426
15,11,1,0,4,0.99343640514135,0.607616084819875
15,11,1,0,5,0.999883189520391,0.715952189163632
15,12,1,0,1,0.999579535554769,0.923965049757205
15,12,1,0,2,0.999909529738456,0.714496136362643
15,12,1,0,3,0.999826251024554,0.837900746323169
15,12,1,0,4,0.993262900089014,0.687117172612382
15,12,1,0,5,0.999897342725553,0.409364684248903
15,13,1,0,1,0.99957225879365,0.939386368365495
15,13,1,0,2,0.99991167178046,0.540807456436085
15,13,1,0,3,0.999812645949006,0.827250484340986
15,13,1,0,4,0.993046819913635,0.795088506849726
15,13,1,0,5,0.999916447967021,0.307791151822116
15,14,1,0,1,0.999920776284952,0.647204160174943
15,14,1,0,2,0.99991487224938,0.747037229272296
15,14,1,0,3,0.999902683538976,0.823358949848242
15,14,1,0,4,0.999867117234952,0.443302648822974
15,14,1,0,5,0.99990762012033,0.212971361691253
15,15,1,0,1,0.999605536047244,0.880265916087509
15,15,1,0,2,0.999924082740311,0.712319735314897
15,15,1,0,3,0.999830901655367,0.7744593508504
15,15,1,0,4,0.993192869013411,0.745279986827722
15,15,1,0,5,0.999897470731779,0.745244132516063
15,1,3.16227766016838,0,1,0.998492813818327,0.896745695593628
15,1,3.16227766016838,0,2,0.999225641425514,0.807366819500685
15,1,3.16227766016838,0,3,0.998828280642085,0.743707905701972
15,1,3.16227766016838,0,4,0.99307949271084,0.628688407505656
15,1,3.16227766016838,0,5,0.999144443658226,0.675815779013465
15,2,3.16227766016838,0,1,0.998458996199197,0.923910582814657
15,2,3.16227766016838,0,2,0.999177472427751,0.403502837106849
15,2,3.16227766016838,0,3,0.999009122437133,0.486434038595084
15,2,3.16227766016838,0,4,0.993013218314106,0.847639863601806
15,2,3.16227766016838,0,5,0.999140557540729,0.501706963866332
15,3,3.16227766016838,0,1,0.999308450947953,0.935497255992241
15,3,3.16227766016838,0,2,0.999290627197123,0.70337438132808
15,3,3.16227766016838,0,3,0.999148546283617,0.33516955650367
15,3,3.16227766016838,0,4,0.998869642981934,0.222316023041226
15,3,3.16227766016838,0,5,0.999156465219887,0.689675151630318
15,4,3.16227766016838,0,1,0.998526454110602,0.929487327643959
15,4,3.16227766016838,0,2,0.999303892188247,0.686423167493301
15,4,3.16227766016838,0,3,0.998919652782139,0.818321036210633
15,4,3.16227766016838,0,4,0.993141786087179,0.603731745685084
15,4,3.16227766016838,0,5,0.999087032065334,0.593638261517929
15,5,3.16227766016838,0,1,0.998461375325323,0.68174936226763
15,5,3.16227766016838,0,2,0.999315182812852,0.523306922557271
15,5,3.16227766016838,0,3,0.998821935324961,0.477412966777705
15,5,3.16227766016838,0,4,0.993207628796355,0.162095050035434
15,5,3.16227766016838,0,5,0.999209645575284,-0.0802596152407072
15,6,3.16227766016838,0,1,0.998825244171814,0.703538317175207
15,6,3.16227766016838,0,2,0.999261482744416,0.850872182468589
15,6,3.16227766016838,0,3,0.99887446615586,0.661795238285323
15,6,3.16227766016838,0,4,0.992635191768609,0.368160453591637
15,6,3.16227766016838,0,5,0.998948159693102,0.361103390021235
15,7,3.16227766016838,0,1,0.998546184478434,0.954833081040194
15,7,3.16227766016838,0,2,0.999245469197008,0.779216936083506
15,7,3.16227766016838,0,3,0.999006596699186,0.597139193135651
15,7,3.16227766016838,0,4,0.992570415603963,0.852663340290896
15,7,3.16227766016838,0,5,0.999102135987373,0.795063197326034
15,8,3.16227766016838,0,1,0.998395750233884,0.946134618216116
15,8,3.16227766016838,0,2,0.999213603089996,0.673432163284748
15,8,3.16227766016838,0,3,0.998871032165253,0.848957975269387
15,8,3.16227766016838,0,4,0.993167324645072,0.828416681280709
15,8,3.16227766016838,0,5,0.999160359480639,0.602210059407316
15,9,3.16227766016838,0,1,0.998501721356887,0.784104854646901
15,9,3.16227766016838,0,2,0.999265123463411,0.648286545508948
15,9,3.16227766016838,0,3,0.998860822020758,0.698239449887971
15,9,3.16227766016838,0,4,0.993102655413112,0.697907241485109
15,9,3.16227766016838,0,5,0.999140683259679,0.854489371677819
15,10,3.16227766016838,0,1,0.998512858403504,0.887227325904579
15,10,3.16227766016838,0,2,0.999185982435371,0.646487596792604
15,10,3.16227766016838,0,3,0.998847044259452,0.733526406084353
15,10,3.16227766016838,0,4,0.992982486440377,0.661413213123722
15,10,3.16227766016838,0,5,0.999118572064996,0.539739210171339
15,11,3.16227766016838,0,1,0.998510711580332,0.839779588518474
15,11,3.16227766016838,0,2,0.999265776611409,0.811083065062811
15,11,3.16227766016838,0,3,0.998879803771656,0.0737339350898697
15,11,3.16227766016838,0,4,0.993117109311006,0.578901781303753
15,11,3.16227766016838,0,5,0.999081488680852,0.714026983526299
15,12,3.16227766016838,0,1,0.998483056093734,0.936447458405586
15,12,3.16227766016838,0,2,0.999234829469715,0.71364350253791
15,12,3.16227766016838,0,3,0.998901682395347,0.827917810122499
15,12,3.16227766016838,0,4,0.992880342911946,0.68587557597783
15,12,3.16227766016838,0,5,0.999153594875696,0.413812668614859
15,13,3.16227766016838,0,1,0.998433623657074,0.944999356222669
15,13,3.16227766016838,0,2,0.999251846482532,0.53480145318394
15,13,3.16227766016838,0,3,0.998852273033704,0.825686412822967
15,13,3.16227766016838,0,4,0.992805674302702,0.745757808807596
15,13,3.16227766016838,0,5,0.999278517032582,0.311003361785265
15,14,3.16227766016838,0,1,0.999321755597777,0.651974929987777
15,14,3.16227766016838,0,2,0.999279971976007,0.746240250049884
15,14,3.16227766016838,0,3,0.999157816817336,0.828993890727971
15,14,3.16227766016838,0,4,0.998880203043552,0.453449700765738
15,14,3.16227766016838,0,5,0.999213470731771,0.204768050679406
15,15,3.16227766016838,0,1,0.998512216106003,0.882222099180167
15,15,3.16227766016838,0,2,0.999357012082385,0.712009488545775
15,15,3.16227766016838,0,3,0.998913416622374,0.791110797434409
15,15,3.16227766016838,0,4,0.992944317000902,0.718898481564211
15,15,3.16227766016838,0,5,0.999161869064644,0.741308991231074
15,1,10,0,1,0.99422349203888,0.893230766525367
15,1,10,0,2,0.994753096956739,0.78285255086606
15,1,10,0,3,0.994035160847841,0.739516469926989
15,1,10,0,4,0.987055064626336,0.693232780446495
15,1,10,0,5,0.994374324278091,0.701423522050385
15,2,10,0,1,0.994309404186575,0.920689265122444
15,2,10,0,2,0.994584304559816,0.399412348906861
15,2,10,0,3,0.993920593573736,0.494840862362892
15,2,10,0,4,0.987564222042498,0.857487712283113
15,2,10,0,5,0.994700185690542,0.44628957745004
15,3,10,0,1,0.995373463659587,0.939249053232533
15,3,10,0,2,0.995149657557329,0.668838015776471
15,3,10,0,3,0.994352698875716,0.36829750259917
15,3,10,0,4,0.992963135076409,0.320813445291821
15,3,10,0,5,0.993835726978061,0.556709339241225
15,4,10,0,1,0.994236962466021,0.934391730651623
15,4,10,0,2,0.995500690033796,0.678658900865405
15,4,10,0,3,0.994031297908607,0.805622196027143
15,4,10,0,4,0.987607942672183,0.626906384590811
15,4,10,0,5,0.994489283659838,0.518653259876445
15,5,10,0,1,0.994469277824016,0.679126750044703
15,5,10,0,2,0.995482626480427,0.524082358989954
15,5,10,0,3,0.993248840091772,0.437999533608589
15,5,10,0,4,0.98781102844132,0.246133166429672
15,5,10,0,5,0.994540210950383,-0.19895793349965
15,6,10,0,1,0.99499408336551,0.755690691486177
15,6,10,0,2,0.995078099697123,0.840694771646144
15,6,10,0,3,0.993598209611282,0.682797319763859
15,6,10,0,4,0.991398956460365,0.234984482682661
15,6,10,0,5,0.99117723974032,0.517705475104085
15,7,10,0,1,0.994251907028914,0.959386419557803
15,7,10,0,2,0.994393584006031,0.816456387538926
15,7,10,0,3,0.994950633288289,0.587360202658699
15,7,10,0,4,0.98669236745887,0.853037931481204
15,7,10,0,5,0.994420600307888,0.7912888444872
15,8,10,0,1,0.993952161267467,0.94463314307221
15,8,10,0,2,0.994848932742928,0.659444714795652
15,8,10,0,3,0.99376630007453,0.858474330983213
15,8,10,0,4,0.987018112305122,0.829271969714045
15,8,10,0,5,0.994558519043767,0.585385164952086
15,9,10,0,1,0.99430256223377,0.776613928083978
15,9,10,0,2,0.995173221245517,0.650524349781273
15,9,10,0,3,0.993583141315534,0.703168733689395
15,9,10,0,4,0.98704599866846,0.702113007729502
15,9,10,0,5,0.994262174608987,0.841749279086828
15,10,10,0,1,0.99425216835247,0.892387264326744
15,10,10,0,2,0.994568581828568,0.549161997209559
15,10,10,0,3,0.99397594827678,0.782699547120384
15,10,10,0,4,0.986862306109406,0.652274394612703
15,10,10,0,5,0.994331049614975,0.551481650897105
15,11,10,0,1,0.994259240877421,0.841927135581895
15,11,10,0,2,0.995130149029469,0.808456205217258
15,11,10,0,3,0.993561350829785,0.0356622273064173
15,11,10,0,4,0.987224061283194,0.588600830740646
15,11,10,0,5,0.994368927680088,0.700429671205413
15,12,10,0,1,0.994202332206811,0.94117903164007
15,12,10,0,2,0.994934422302256,0.711259489270386
15,12,10,0,3,0.993695766152624,0.824008421854093
15,12,10,0,4,0.986865580109317,0.693327770308606
15,12,10,0,5,0.994546481915225,0.406182345001053
15,13,10,0,1,0.994173866353406,0.944600107625581
15,13,10,0,2,0.995049120699515,0.521144807697574
15,13,10,0,3,0.993512297005443,0.821591604475638
15,13,10,0,4,0.987216276695487,0.743781506808775
15,13,10,0,5,0.995048899788669,0.318906395484795
15,14,10,0,1,0.995466339684661,0.662804621375933
15,14,10,0,2,0.995233455730308,0.742181895638757
15,14,10,0,3,0.994117159546159,0.838287412672396
15,14,10,0,4,0.992690601032237,0.476165543784598
15,14,10,0,5,0.994797513824261,0.184346860042762
15,15,10,0,1,0.994270568644587,0.877810630254922
15,15,10,0,2,0.995663999793022,0.713261477037253
15,15,10,0,3,0.993726826974219,0.799144593657005
15,15,10,0,4,0.987363199913213,0.706712598314101
15,15,10,0,5,0.994711837311327,0.734668543135521
15,1,31.6227766016838,0,1,0.978888181061359,0.885987675648366
15,1,31.6227766016838,0,2,0.976188093812773,0.771157888658525
15,1,31.6227766016838,0,3,0.967094401561638,0.789923792459336
15,1,31.6227766016838,0,4,0.974127822072534,0.722877913359124
15,1,31.6227766016838,0,5,0.969644323489742,0.609146684778123
15,2,31.6227766016838,0,1,0.979256749479519,0.913226699413882
15,2,31.6227766016838,0,2,0.973162460637182,0.481084183416621
15,2,31.6227766016838,0,3,0.963430045430672,0.875452358047172
15,2,31.6227766016838,0,4,0.975217700126664,0.378413314544016
15,2,31.6227766016838,0,5,0.978054268561151,0.38625647478815
15,3,31.6227766016838,0,1,0.980006890605312,0.94384253596996
15,3,31.6227766016838,0,2,0.977741978011951,0.640444566760078
15,3,31.6227766016838,0,3,0.976219154920546,0.612620622652813
15,3,31.6227766016838,0,4,0.974111214005625,0.456413184590748
15,3,31.6227766016838,0,5,0.966376264436545,0.16611391690487
15,4,31.6227766016838,0,1,0.978543710575078,0.936222290712575
15,4,31.6227766016838,0,2,0.973522647479243,0.788741225276499
15,4,31.6227766016838,0,3,0.963070907798183,0.645699438838269
15,4,31.6227766016838,0,4,0.980213269288287,0.663145192008235
15,4,31.6227766016838,0,5,0.977588409927857,0.484110559004396
15,5,31.6227766016838,0,1,0.98054335117413,0.672824723496926
15,5,31.6227766016838,0,2,0.971130699466355,0.366566130996766
15,5,31.6227766016838,0,3,0.969956214321102,0.477265196846837
15,5,31.6227766016838,0,4,0.979049833673367,0.488035327646977
15,5,31.6227766016838,0,5,0.971252680342862,-0.37032161346284
15,6,31.6227766016838,0,1,0.980667613226697,0.776353005160153
15,6,31.6227766016838,0,2,0.973494174658683,0.735860954125013
15,6,31.6227766016838,0,3,0.978124050392889,0.236811701346133
15,6,31.6227766016838,0,4,0.975471874877501,0.767717825489397
15,6,31.6227766016838,0,5,0.967369776201413,0.462625646511784
15,7,31.6227766016838,0,1,0.978375116961859,0.95824633122375
15,7,31.6227766016838,0,2,0.978564698971312,0.682162517208758
15,7,31.6227766016838,0,3,0.961359676541935,0.842227205091978
15,7,31.6227766016838,0,4,0.973452451780536,0.774817448653816
15,7,31.6227766016838,0,5,0.976568258723259,0.775024792300159
15,8,31.6227766016838,0,1,0.977872625421975,0.943991920689965
15,8,31.6227766016838,0,2,0.973581455299283,0.843115429315133
15,8,31.6227766016838,0,3,0.961819468803818,0.815292301074655
15,8,31.6227766016838,0,4,0.976013017078517,0.641588420295202
15,8,31.6227766016838,0,5,0.975985664269631,0.504730310783281
15,9,31.6227766016838,0,1,0.979200845367887,0.782989922541548
15,9,31.6227766016838,0,2,0.971920195662892,0.710329338755852
15,9,31.6227766016838,0,3,0.971738272203467,0.777348111163616
15,9,31.6227766016838,0,4,0.978784226402606,0.623518113355969
15,9,31.6227766016838,0,5,0.964613038767986,0.709505694836133
15,10,31.6227766016838,0,1,0.978931532813099,0.890938468884373
15,10,31.6227766016838,0,2,0.975466542578562,0.837973291338434
15,10,31.6227766016838,0,3,0.960288574426261,0.639957508520912
15,10,31.6227766016838,0,4,0.974663069745584,0.372097784781657
15,10,31.6227766016838,0,5,0.976058809399024,0.524385251713841
15,11,31.6227766016838,0,1,0.979087335521537,0.836497774423352
15,11,31.6227766016838,0,2,0.974018952599577,0.34137509058251
15,11,31.6227766016838,0,3,0.964472510245163,0.683156300442723
15,11,31.6227766016838,0,4,0.975650285212526,0.750255431634934
15,11,31.6227766016838,0,5,0.973904201034171,0.562188267960429
15,12,31.6227766016838,0,1,0.9786391978616,0.947779491848886
15,12,31.6227766016838,0,2,0.972101843089843,0.827873958750373
15,12,31.6227766016838,0,3,0.962225616795908,0.738163244970395
15,12,31.6227766016838,0,4,0.977491473228039,0.697800674334293
15,12,31.6227766016838,0,5,0.976610857165675,0.362944775849712
15,13,31.6227766016838,0,1,0.978607281234149,0.943340566771481
15,13,31.6227766016838,0,2,0.971212275897242,0.812993569984391
15,13,31.6227766016838,0,3,0.963544336597193,0.778521096953586
15,13,31.6227766016838,0,4,0.978125181480624,0.498518965033657
15,13,31.6227766016838,0,5,0.977073241010946,0.331215429405182
15,14,31.6227766016838,0,1,0.980482647831648,0.678930576380952
15,14,31.6227766016838,0,2,0.972005224897914,0.840256118296673
15,14,31.6227766016838,0,3,0.97169680217357,0.454271524409995
15,14,31.6227766016838,0,4,0.978580111413791,0.73082580467564
15,14,31.6227766016838,0,5,0.975029628746412,0.243990521167757
15,15,31.6227766016838,0,1,0.979012827818692,0.867220580398675
15,15,31.6227766016838,0,2,0.971980616779071,0.788176630875819
15,15,31.6227766016838,0,3,0.977655300012824,0.731457891392238
15,15,31.6227766016838,0,4,0.980129235918687,0.715296929701569
15,15,31.6227766016838,0,5,0.962330923635303,0.695719530217406
15,1,100,0,1,0.948447792284562,0.874983583113586
15,1,100,0,2,0.939888858785126,0.777545101168512
15,1,100,0,3,0.938760468253077,0.820615968683093
15,1,100,0,4,0.920721954343417,0.649292730736449
15,1,100,0,5,0.906709836768428,0.596609645068131
15,2,100,0,1,0.949068718325201,0.903565789637061
15,2,100,0,2,0.930582312563074,0.432748733763374
15,2,100,0,3,0.912254897980252,0.894198031092325
15,2,100,0,4,0.925980489851544,0.398021292994427
15,2,100,0,5,0.944920474798529,0.352392213234176
15,3,100,0,1,0.949002258524194,0.946075474292398
15,3,100,0,2,0.943586330416426,0.770897575027176
15,3,100,0,3,0.94343345151196,0.710744837076153
15,3,100,0,4,0.920013392070693,0.341753957458023
15,3,100,0,5,0.910412137664934,0.056902523383648
15,4,100,0,1,0.947064717145666,0.931625556154413
15,4,100,0,2,0.93988548401945,0.663826348875134
15,4,100,0,3,0.944254486305099,0.480211265680536
15,4,100,0,4,0.927948201034114,0.722296660880376
15,4,100,0,5,0.911115299432255,0.64809915774038
15,5,100,0,1,0.953362877869272,0.66102305407236
15,5,100,0,2,0.942479362558021,0.505865491090483
15,5,100,0,3,0.940583356007317,0.461289847496848
15,5,100,0,4,0.919559707401292,0.139607447558183
15,5,100,0,5,0.916471625723544,-0.26973136419096
15,6,100,0,1,0.951307703616799,0.782090489643335
15,6,100,0,2,0.937549206086644,0.821440002490979
15,6,100,0,3,0.947076790909136,0.265000952667631
15,6,100,0,4,0.917184233550081,0.624337615796064
15,6,100,0,5,0.920937459662357,0.435959351022974
15,7,100,0,1,0.946200008277286,0.949859766667878
15,7,100,0,2,0.940573813022537,0.674479650617045
15,7,100,0,3,0.936604809947875,0.773694140201475
15,7,100,0,4,0.922809580445936,0.684139206894696
15,7,100,0,5,0.911732794407495,0.7749564362382
15,8,100,0,1,0.945758194069822,0.942223581363356
15,8,100,0,2,0.937042582152279,0.761768199143604
15,8,100,0,3,0.933566622550046,0.824926867434567
15,8,100,0,4,0.921480565594668,0.71929086016419
15,8,100,0,5,0.91523513767756,0.569591358873405
15,9,100,0,1,0.949232097618358,0.797994277173975
15,9,100,0,2,0.934918860193691,0.823593214507338
15,9,100,0,3,0.938755010296378,0.773977053392939
15,9,100,0,4,0.927922279828106,0.530691301310703
15,9,100,0,5,0.905540831440796,0.589083471059011
15,10,100,0,1,0.948473375103266,0.885396891063786
15,10,100,0,2,0.936602037575825,0.828139947574076
15,10,100,0,3,0.940071023422173,0.493195201714899
15,10,100,0,4,0.925247882757198,0.327756357319429
15,10,100,0,5,0.905008039650201,0.59617276802437
15,11,100,0,1,0.949074211447265,0.830619731407774
15,11,100,0,2,0.940497411403581,0.774755661304639
15,11,100,0,3,0.940607754078478,0.776528395936324
15,11,100,0,4,0.917814337222242,0.291465406298148
15,11,100,0,5,0.91056954870732,0.460980096458645
15,12,100,0,1,0.947292061978368,0.954182508012635
15,12,100,0,2,0.924639503275863,0.839071978669928
15,12,100,0,3,0.934510770258847,0.776710940715811
15,12,100,0,4,0.933820748460852,0.594822421121206
15,12,100,0,5,0.919625718502482,0.463230699359395
15,13,100,0,1,0.946752712584787,0.942222302558249
15,13,100,0,2,0.930110617801154,0.708752772424657
15,13,100,0,3,0.92885980924951,0.769932798738895
15,13,100,0,4,0.927938834353496,0.570500780068131
15,13,100,0,5,0.924042217271924,0.507427062191781
15,14,100,0,1,0.95051378204619,0.693959985776768
15,14,100,0,2,0.934009311076799,0.78126809052989
15,14,100,0,3,0.945098163890716,0.158804322062473
15,14,100,0,4,0.925800761413107,0.743676890087594
15,14,100,0,5,0.918672282249905,0.476344840044054
15,15,100,0,1,0.948429287840779,0.850336147106772
15,15,100,0,2,0.939015789750859,0.701460032296494
15,15,100,0,3,0.943783195707823,0.717673403892608
15,15,100,0,4,0.924173322353806,0.764647816758382
15,15,100,0,5,0.907932693461934,0.673217310610964
15,1,316.227766016838,0,1,0.916770616540576,0.863621758296974
15,1,316.227766016838,0,2,0.897870041305058,0.756678172934732
15,1,316.227766016838,0,3,0.899863358171225,0.789121865295371
15,1,316.227766016838,0,4,0.858415914137024,0.611565762049926
15,1,316.227766016838,0,5,0.849256053020234,0.587536280286368
15,2,316.227766016838,0,1,0.917542752823091,0.894542977651264
15,2,316.227766016838,0,2,0.885795057760986,0.354814409205115
15,2,316.227766016838,0,3,0.901953982292165,0.709237636321569
15,2,316.227766016838,0,4,0.865274156070918,0.436828845371776
15,2,316.227766016838,0,5,0.866311902297084,0.838430805951515
15,3,316.227766016838,0,1,0.916297641997091,0.944033921029193
15,3,316.227766016838,0,2,0.90242263448016,0.785744688118633
15,3,316.227766016838,0,3,0.910632984797161,0.751557221095981
15,3,316.227766016838,0,4,0.858206293695172,0.311282784343616
15,3,316.227766016838,0,5,0.854425353762716,-0.00975984849063227
15,4,316.227766016838,0,1,0.914468788411323,0.920519254097739
15,4,316.227766016838,0,2,0.903889048177221,0.625067642457821
15,4,316.227766016838,0,3,0.908768746282758,0.473015119646965
15,4,316.227766016838,0,4,0.860640525376523,0.741850166055668
15,4,316.227766016838,0,5,0.855975559525501,0.642950025502663
15,5,316.227766016838,0,1,0.924797672089687,0.647438641569823
15,5,316.227766016838,0,2,0.902157683846765,0.53481236763499
15,5,316.227766016838,0,3,0.905510816519468,0.383338431232687
15,5,316.227766016838,0,4,0.858803263635907,0.0712121532097392
15,5,316.227766016838,0,5,0.861635711731516,-0.222018998356451
15,6,316.227766016838,0,1,0.920121141518935,0.781756147243703
15,6,316.227766016838,0,2,0.891843085686537,0.791597513681815
15,6,316.227766016838,0,3,0.915371941427378,0.294011114234526
15,6,316.227766016838,0,4,0.85209998706706,0.584022921949546
15,6,316.227766016838,0,5,0.866775281911409,0.425338915605386
15,7,316.227766016838,0,1,0.912717452527174,0.934933414817176
15,7,316.227766016838,0,2,0.894485885937264,0.630165993474468
15,7,316.227766016838,0,3,0.900736342254457,0.703193848043508
15,7,316.227766016838,0,4,0.863130413131938,0.616467385842383
15,7,316.227766016838,0,5,0.853064301205504,0.78315546622937
15,8,316.227766016838,0,1,0.91203617205006,0.939087215043701
15,8,316.227766016838,0,2,0.895897755041949,0.700328825420178
15,8,316.227766016838,0,3,0.903183846057477,0.749009448242284
15,8,316.227766016838,0,4,0.855785603483786,0.74787366486557
15,8,316.227766016838,0,5,0.854107704320378,0.597090894213026
15,9,316.227766016838,0,1,0.917715180751597,0.812826584409465
15,9,316.227766016838,0,2,0.900249841608151,0.809089731991001
15,9,316.227766016838,0,3,0.900150072700787,0.745516162535286
15,9,316.227766016838,0,4,0.8601251081946,0.627934762278149
15,9,316.227766016838,0,5,0.847628488858876,0.497571221130258
15,10,316.227766016838,0,1,0.916426204694821,0.878576988002
15,10,316.227766016838,0,2,0.892430659615942,0.787697655082883
15,10,316.227766016838,0,3,0.903698332254104,0.42228952442413
15,10,316.227766016838,0,4,0.865516362484024,0.399224606107777
15,10,316.227766016838,0,5,0.847617602809268,0.57416751085096
15,11,316.227766016838,0,1,0.917084936427939,0.827431011506591
15,11,316.227766016838,0,2,0.894553343320917,0.739877657811663
15,11,316.227766016838,0,3,0.905881149087034,0.761886698330653
15,11,316.227766016838,0,4,0.85514546373188,0.163955975666902
15,11,316.227766016838,0,5,0.855456281909867,0.488184180249763
15,12,316.227766016838,0,1,0.913961373596507,0.956201364013686
15,12,316.227766016838,0,2,0.888781608474743,0.810965039327024
15,12,316.227766016838,0,3,0.909219995201999,0.615839024812724
15,12,316.227766016838,0,4,0.862420124888568,0.770600606429213
15,12,316.227766016838,0,5,0.861084858046004,0.610844595665407
15,13,316.227766016838,0,1,0.912231924062847,0.94056332676305
15,13,316.227766016838,0,2,0.89675733301977,0.506496586118984
15,13,316.227766016838,0,3,0.900491249873617,0.599275013109539
15,13,316.227766016838,0,4,0.855719660564135,0.666471661977492
15,13,316.227766016838,0,5,0.860591384369559,0.652793343346127
15,14,316.227766016838,0,1,0.918891622009926,0.704897118103878
15,14,316.227766016838,0,2,0.899279847985907,0.736913057393772
15,14,316.227766016838,0,3,0.911038892756678,0.114038610857305
15,14,316.227766016838,0,4,0.856141987336079,0.770844403309759
15,14,316.227766016838,0,5,0.862412725011431,0.487860035406503
15,15,316.227766016838,0,1,0.915882027676977,0.832907752695296
15,15,316.227766016838,0,2,0.903574017723337,0.691312429487592
15,15,316.227766016838,0,3,0.90695251079408,0.708719389103651
15,15,316.227766016838,0,4,0.854566375052796,0.767424690076592
15,15,316.227766016838,0,5,0.850134579626921,0.633851626424398
15,1,1000,0,1,0.896952407264109,0.855670117749485
15,1,1000,0,2,0.870520483241458,0.740114120943616
15,1,1000,0,3,0.874510023147553,0.743941945298123
15,1,1000,0,4,0.820801636611543,0.595275109035656
15,1,1000,0,5,0.815429769909257,0.577347258313536
15,2,1000,0,1,0.897765468600293,0.888077023784542
15,2,1000,0,2,0.856786117587077,0.306976100809997
15,2,1000,0,3,0.890942077051301,0.516781073176667
15,2,1000,0,4,0.828330969684234,0.453803692093834
15,2,1000,0,5,0.826860504140076,0.887255219499696
15,3,1000,0,1,0.895604306039851,0.940042300433828
15,3,1000,0,2,0.875526210800759,0.786426103283114
15,3,1000,0,3,0.891435793094072,0.769007952486992
15,3,1000,0,4,0.821142286557771,0.298022922468904
15,3,1000,0,5,0.82253436358814,-0.0400793795407385
15,4,1000,0,1,0.894369065724738,0.910086521014556
15,4,1000,0,2,0.876603591720907,0.617903839094916
15,4,1000,0,3,0.886083930877272,0.46378376114406
15,4,1000,0,4,0.821401364935927,0.731255740726839
15,4,1000,0,5,0.82295401088505,0.639123068540489
15,5,1000,0,1,0.906383825219562,0.638220057638895
15,5,1000,0,2,0.873464121529209,0.538965534380325
15,5,1000,0,3,0.882647239935328,0.340633195013579
15,5,1000,0,4,0.823708316973878,0.0447249877316606
15,5,1000,0,5,0.828507897434705,-0.202784472374932
15,6,1000,0,1,0.900182583770793,0.781058854138051
15,6,1000,0,2,0.859327503632934,0.759494640325273
15,6,1000,0,3,0.897481619860185,0.309864896143982
15,6,1000,0,4,0.813480589640288,0.5701793582563
15,6,1000,0,5,0.830987956755011,0.421290930337631
15,7,1000,0,1,0.89218086698628,0.921508821068578
15,7,1000,0,2,0.863894437174435,0.593281713238846
15,7,1000,0,3,0.875559046662925,0.655697644686565
15,7,1000,0,4,0.826353339216116,0.588457795284202
15,7,1000,0,5,0.820349867147664,0.773811938366348
15,8,1000,0,1,0.890467161118923,0.936585629551078
15,8,1000,0,2,0.867493384455968,0.674632372424487
15,8,1000,0,3,0.881390791049034,0.720533172488531
15,8,1000,0,4,0.816464326870941,0.744940086772649
15,8,1000,0,5,0.820221546276254,0.582327882735938
15,9,1000,0,1,0.897549153491374,0.820440112994768
15,9,1000,0,2,0.87266475454816,0.792355024270899
15,9,1000,0,3,0.87631363989485,0.728441221708824
15,9,1000,0,4,0.822113577413501,0.643638256720186
15,9,1000,0,5,0.813266401437269,0.447512926984931
15,10,1000,0,1,0.895947956649159,0.873472015515258
15,10,1000,0,2,0.86300417393184,0.764966228809136
15,10,1000,0,3,0.881894399974868,0.3858483368099
15,10,1000,0,4,0.828449115662062,0.435888386486242
15,10,1000,0,5,0.813408956472911,0.558541455321089
15,11,1000,0,1,0.896123669789357,0.825723147928964
15,11,1000,0,2,0.863066556771943,0.710225525777283
15,11,1000,0,3,0.883752039790282,0.756078304572265
15,11,1000,0,4,0.817110995127487,0.142157201913875
15,11,1000,0,5,0.823567024855521,0.491040190538013
15,12,1000,0,1,0.89248275612324,0.955026057666584
15,12,1000,0,2,0.858686361825452,0.777281695704473
15,12,1000,0,3,0.89079348325371,0.586960654184586
15,12,1000,0,4,0.824724041504796,0.789765417641493
15,12,1000,0,5,0.830194463815368,0.646100004542527
15,13,1000,0,1,0.889607763607636,0.93856093544346
15,13,1000,0,2,0.869112281401758,0.477593088689849
15,13,1000,0,3,0.878912210393145,0.520670888153822
15,13,1000,0,4,0.816846309095357,0.659806489733799
15,13,1000,0,5,0.826367523108433,0.683067999537435
15,14,1000,0,1,0.898554102420168,0.711061815429286
15,14,1000,0,2,0.871811592716658,0.734128078697681
15,14,1000,0,3,0.889384802848109,0.0966935566784948
15,14,1000,0,4,0.817457890185755,0.770913013458113
15,14,1000,0,5,0.827095453538394,0.48254293033502
15,15,1000,0,1,0.894826332176362,0.821263283827714
15,15,1000,0,2,0.876317110327632,0.686196560755798
15,15,1000,0,3,0.883458163876045,0.702558595081941
15,15,1000,0,4,0.81454349603848,0.753018277425294
15,15,1000,0,5,0.815316060258182,0.606589580551809
15,1,3162.27766016838,0,1,0.888239352314039,0.851857916816883
15,1,3162.27766016838,0,2,0.858574615689107,0.732490975851546
15,1,3162.27766016838,0,3,0.805393631948381,0.588781478220723
15,1,3162.27766016838,0,4,0.863380098512857,0.717599217014687
15,1,3162.27766016838,0,5,0.801349712353998,0.572599735215478
15,2,3162.27766016838,0,1,0.889022873864584,0.884835592388949
15,2,3162.27766016838,0,2,0.844027588264666,0.28717130622156
15,2,3162.27766016838,0,3,0.813108722744232,0.460083629518377
15,2,3162.27766016838,0,4,0.883227554455364,0.495144176117409
15,2,3162.27766016838,0,5,0.813362776070062,0.891809705745749
15,3,3162.27766016838,0,1,0.886454760778993,0.937497015550289
15,3,3162.27766016838,0,2,0.863825819076856,0.785329106545998
15,3,3162.27766016838,0,3,0.806004370952174,0.293068578229201
15,3,3162.27766016838,0,4,0.883482535800193,0.775334835140386
15,3,3162.27766016838,0,5,0.809599886148109,-0.050660303129538
15,4,3162.27766016838,0,1,0.885633231544936,0.904580790911814
15,4,3162.27766016838,0,2,0.864466837416558,0.615312378448018
15,4,3162.27766016838,0,3,0.805034832850023,0.726511343122972
15,4,3162.27766016838,0,4,0.87618879255118,0.458072907494097
15,4,3162.27766016838,0,5,0.809172183470909,0.637509132624912
15,5,3162.27766016838,0,1,0.898064164393668,0.634056017901542
15,5,3162.27766016838,0,2,0.860454122333221,0.539854662695543
15,5,3162.27766016838,0,3,0.809392471959328,0.0356500382322252
15,5,3162.27766016838,0,4,0.872560973400348,0.321882748939611
15,5,3162.27766016838,0,5,0.814529923648433,-0.194460762745764
15,6,3162.27766016838,0,1,0.891213818315222,0.780845671813989
15,6,3162.27766016838,0,2,0.84423091221336,0.742888651006294
15,6,3162.27766016838,0,3,0.797661215532592,0.565151003476631
15,6,3162.27766016838,0,4,0.890317702401804,0.315894047825041
15,6,3162.27766016838,0,5,0.815554756655449,0.420475645665909
15,7,3162.27766016838,0,1,0.883340547213998,0.914499486289607
15,7,3162.27766016838,0,2,0.850511686429083,0.576081656598946
15,7,3162.27766016838,0,3,0.811035340648648,0.579257466357995
15,7,3162.27766016838,0,4,0.864540284657963,0.633280127737599
15,7,3162.27766016838,0,5,0.806923838856667,0.769563580234932
15,8,3162.27766016838,0,1,0.880755577166995,0.935379996718692
15,8,3162.27766016838,0,2,0.854726540512546,0.665093910658299
15,8,3162.27766016838,0,3,0.800307702592395,0.742256498538192
15,8,3162.27766016838,0,4,0.871851518199832,0.710973756798493
15,8,3162.27766016838,0,5,0.806153703752509,0.574611282685013
15,9,3162.27766016838,0,1,0.888498913564701,0.823092548198236
15,9,3162.27766016838,0,2,0.860157212774001,0.787148240031946
15,9,3162.27766016838,0,3,0.806381867740723,0.648375107014913
15,9,3162.27766016838,0,4,0.866171507438996,0.721318384205554
15,9,3162.27766016838,0,5,0.798948095273712,0.42810964546532
15,10,3162.27766016838,0,1,0.886760224748947,0.870944391370668
15,10,3162.27766016838,0,2,0.849759124442983,0.756288773715511
15,10,3162.27766016838,0,3,0.813041602684736,0.44849940207163
15,10,3162.27766016838,0,4,0.872680860734261,0.371308785572578
15,10,3162.27766016838,0,5,0.799087212819405,0.551914165162449
15,11,3162.27766016838,0,1,0.886556360478394,0.824884863198376
15,11,3162.27766016838,0,2,0.848915282501366,0.695676875066253
15,11,3162.27766016838,0,3,0.801410721835296,0.138801556567757
15,11,3162.27766016838,0,4,0.874174917830534,0.754368313741458
15,11,3162.27766016838,0,5,0.81042361562003,0.490965560344267
15,12,3162.27766016838,0,1,0.882811186522497,0.953748223358045
15,12,3162.27766016838,0,2,0.845018539720729,0.761750726538695
15,12,3162.27766016838,0,3,0.809520912529327,0.792910466597765
15,12,3162.27766016838,0,4,0.882879814553584,0.579635357595595
15,12,3162.27766016838,0,5,0.817601992998881,0.657547332559282
15,13,3162.27766016838,0,1,0.879325148874731,0.937318850048633
15,13,3162.27766016838,0,2,0.856598270087555,0.47034718398609
15,13,3162.27766016838,0,3,0.801034679180526,0.65438872258681
15,13,3162.27766016838,0,4,0.869131310057583,0.490885347580252
15,13,3162.27766016838,0,5,0.81248452920741,0.690898006459133
15,14,3162.27766016838,0,1,0.889396002821584,0.7136560758495
15,14,3162.27766016838,0,2,0.859051226429731,0.73510412966146
15,14,3162.27766016838,0,3,0.801730654422716,0.770274094738532
15,14,3162.27766016838,0,4,0.879982040226635,0.0898716482382799
15,14,3162.27766016838,0,5,0.81195728667051,0.478526552794199
15,15,3162.27766016838,0,1,0.885318656968632,0.815892686594097
15,15,3162.27766016838,0,2,0.863944545732547,0.684055672321318
15,15,3162.27766016838,0,3,0.797997460845634,0.746970326684206
15,15,3162.27766016838,0,4,0.873170460472787,0.699590253535392
15,15,3162.27766016838,0,5,0.800761739847182,0.594800313856615
15,1,10000,0,1,0.885101665812783,0.850432589069092
15,1,10000,0,2,0.854307545192479,0.729717273048111
15,1,10000,0,3,0.800059653807286,0.586519375789515
15,1,10000,0,4,0.859398021761511,0.707226836235973
15,1,10000,0,5,0.796421153099642,0.570878002425594
15,2,10000,0,1,0.885862850222164,0.883595849148128
15,2,10000,0,2,0.839461566147127,0.280247955034408
15,2,10000,0,3,0.807817897052257,0.462204622534216
15,2,10000,0,4,0.880439159536085,0.490223097886742
15,2,10000,0,5,0.8087451141851,0.892964640268722
15,3,10000,0,1,0.883152933648097,0.936457803131538
15,3,10000,0,2,0.859661585850047,0.784749292930104
15,3,10000,0,3,0.800766895554994,0.291411000907396
15,3,10000,0,4,0.880704290333374,0.777437588019559
15,3,10000,0,5,0.80512265167816,-0.0540768485963834
15,4,10000,0,1,0.882504061538368,0.902460982576966
15,4,10000,0,2,0.860111857246163,0.614414935084532
15,4,10000,0,3,0.799317639659643,0.724836705808959
15,4,10000,0,4,0.872657926905815,0.455775205209666
15,4,10000,0,5,0.804346883802396,0.63694294619291
15,5,10000,0,1,0.895025723460123,0.632547604565667
15,5,10000,0,2,0.855733462342189,0.540069696290799
15,5,10000,0,3,0.804433364991655,0.032717655269959
15,5,10000,0,4,0.868939110387091,0.315078116778203
15,5,10000,0,5,0.809610745049183,-0.191410363789389
15,6,10000,0,1,0.88794113620352,0.780793182624961
15,6,10000,0,2,0.838686094829588,0.736534671652834
15,6,10000,0,3,0.792176946426806,0.563444400744427
15,6,10000,0,4,0.887853383216778,0.317908251902275
15,6,10000,0,5,0.810115853090599,0.420355990358523
15,7,10000,0,1,0.880192760045843,0.911811531790771
15,7,10000,0,2,0.845744104619895,0.569846605419316
15,7,10000,0,3,0.805688506852434,0.576356594962704
15,7,10000,0,4,0.860611177818382,0.62505959957398
15,7,10000,0,5,0.802255885507063,0.768049882023539
15,8,10000,0,1,0.877212600040932,0.934932062170893
15,8,10000,0,2,0.850116746843441,0.66187578811637
15,8,10000,0,3,0.794699707678352,0.741197817732252
15,8,10000,0,4,0.868447560673484,0.707842223664519
15,8,10000,0,5,0.801225763882018,0.571780989854676
15,9,10000,0,1,0.88520471387189,0.823925046385116
15,9,10000,0,2,0.855622137206636,0.785497659660852
15,9,10000,0,3,0.800899201992577,0.649886046414823
15,9,10000,0,4,0.862591128711554,0.71882624569202
15,9,10000,0,5,0.793933030552234,0.421544511994344
15,10,10000,0,1,0.883415225428479,0.869986305352515
15,10,10000,0,2,0.844954356572341,0.75336650836352
15,10,10000,0,3,0.807674767037776,0.452555784934613
15,10,10000,0,4,0.869429827266004,0.366311485089342
15,10,10000,0,5,0.794060099786704,0.549580938691588
15,11,10000,0,1,0.883048506085106,0.824559893965918
15,11,10000,0,2,0.843802374079994,0.6902445203575
15,11,10000,0,3,0.795953026982267,0.138234981545114
15,11,10000,0,4,0.870765629620441,0.753867688624319
15,11,10000,0,5,0.805844163055052,0.490814449184269
15,12,10000,0,1,0.879287423921379,0.95315717953557
15,12,10000,0,2,0.840094105829286,0.755974049312617
15,12,10000,0,3,0.804265330836439,0.793726341147385
15,12,10000,0,4,0.880077073680252,0.57743986364036
15,12,10000,0,5,0.81322483257941,0.661269390778972
15,13,10000,0,1,0.875565031903311,0.936808170408473
15,13,10000,0,2,0.85207827721143,0.468259469728875
15,13,10000,0,3,0.795558889113379,0.652313050612929
15,13,10000,0,4,0.865600036266074,0.480560529637226
15,13,10000,0,5,0.807662798606921,0.693181690563041
15,14,10000,0,1,0.886057722853159,0.714572082506462
15,14,10000,0,2,0.854381406746954,0.735680347080745
15,14,10000,0,3,0.796281624948168,0.770032811502214
15,14,10000,0,4,0.876631539756982,0.0875048857114237
15,14,10000,0,5,0.80660086867019,0.476883700650743
15,15,10000,0,1,0.881850306032022,0.813918151328694
15,15,10000,0,2,0.859451545348605,0.68331445214749
15,15,10000,0,3,0.79223767669279,0.74488722377977
15,15,10000,0,4,0.869488242122709,0.698474895529852
15,15,10000,0,5,0.7956634770202,0.590642168776554
15,1,31622.7766016838,0,1,0.884063909523269,0.849954928245956
15,1,31622.7766016838,0,2,0.852901171890303,0.728797394760409
15,1,31622.7766016838,0,3,0.798322054238678,0.585779761607037
15,1,31622.7766016838,0,4,0.85808513694094,0.703700189836438
15,1,31622.7766016838,0,5,0.794808590878706,0.570308232062449
15,2,31622.7766016838,0,1,0.884816100196097,0.883176882161744
15,2,31622.7766016838,0,2,0.837956090805493,0.277983364344879
15,2,31622.7766016838,0,3,0.806091532338602,0.462890961089286
15,2,31622.7766016838,0,4,0.87951986235315,0.488822933536839
15,2,31622.7766016838,0,5,0.807244101083173,0.893307720814253
15,3,31622.7766016838,0,1,0.88206012161566,0.936099825705077
15,3,31622.7766016838,0,2,0.858291304558179,0.784537123371634
15,3,31622.7766016838,0,3,0.799060852479177,0.290877467701252
15,3,31622.7766016838,0,4,0.879795946274354,0.778113639104595
15,3,31622.7766016838,0,5,0.803663498815602,-0.0551622948037436
15,4,31622.7766016838,0,1,0.881471123815036,0.901744132379287
15,4,31622.7766016838,0,2,0.858674820994079,0.614120614315286
15,4,31622.7766016838,0,3,0.797448981392023,0.724287681360118
15,4,31622.7766016838,0,4,0.871494945762203,0.454988181582065
15,4,31622.7766016838,0,5,0.802768116457423,0.636757479957942
15,5,31622.7766016838,0,1,0.894015395831681,0.632048070553782
15,5,31622.7766016838,0,2,0.854168914689166,0.540129283689674
15,5,31622.7766016838,0,3,0.802817067431283,0.03178467063421
15,5,31622.7766016838,0,4,0.867743158633508,0.312820106661276
15,5,31622.7766016838,0,5,0.807998263251846,-0.190393526969654
15,6,31622.7766016838,0,1,0.886853042997753,0.780778976568379
15,6,31622.7766016838,0,2,0.836840205201454,0.734389535686241
15,6,31622.7766016838,0,3,0.790389204214576,0.562890322506939
15,6,31622.7766016838,0,4,0.887052069186668,0.318555795749049
15,6,31622.7766016838,0,5,0.808334177608135,0.420337657992255
15,7,31622.7766016838,0,1,0.879156175040569,0.910903864096591
15,7,31622.7766016838,0,2,0.844175144025164,0.567784529463696
15,7,31622.7766016838,0,3,0.803941317756678,0.575442296863474
15,7,31622.7766016838,0,4,0.859317621672498,0.622328495692614
15,7,31622.7766016838,0,5,0.800732405941833,0.767552158272001
15,8,31622.7766016838,0,1,0.876034904913633,0.934782396254718
15,8,31622.7766016838,0,2,0.848591923386926,0.660835295848583
15,8,31622.7766016838,0,3,0.792870843515771,0.7408404121996
15,8,31622.7766016838,0,4,0.867326317109576,0.706838443258245
15,8,31622.7766016838,0,5,0.79961268005953,0.570842682361951
15,9,31622.7766016838,0,1,0.884110712909431,0.82418543676514
15,9,31622.7766016838,0,2,0.854119448616371,0.78497454133221
15,9,31622.7766016838,0,3,0.799108561607204,0.650366189020208
15,9,31622.7766016838,0,4,0.861416265254638,0.71801116260435
15,9,31622.7766016838,0,5,0.792291701589272,0.41942301626065
15,10,31622.7766016838,0,1,0.882304197925423,0.869663636452539
15,10,31622.7766016838,0,2,0.843361608313898,0.752423240373294
15,10,31622.7766016838,0,3,0.80592262883146,0.453843867741277
15,10,31622.7766016838,0,4,0.868362855508635,0.364687149768789
15,10,31622.7766016838,0,5,0.792413579181233,0.548816094733405
15,11,31622.7766016838,0,1,0.881880584638437,0.824449314359849
15,11,31622.7766016838,0,2,0.842110659305718,0.688427226625693
15,11,31622.7766016838,0,3,0.794172317470811,0.138112149556132
15,11,31622.7766016838,0,4,0.869643411650534,0.753714890766252
15,11,31622.7766016838,0,5,0.804348360448758,0.490752681628456
15,12,31622.7766016838,0,1,0.878116902077092,0.952945631271676
15,12,31622.7766016838,0,2,0.838467155922104,0.754040110627508
15,12,31622.7766016838,0,3,0.802553511278288,0.793968855731387
15,12,31622.7766016838,0,4,0.8791561803482,0.576754976554914
15,12,31622.7766016838,0,5,0.811795976300228,0.662459545252326
15,13,31622.7766016838,0,1,0.874314448571452,0.936631486390969
15,13,31622.7766016838,0,2,0.850583168047607,0.467622827517776
15,13,31622.7766016838,0,3,0.793774325430302,0.651618287393145
15,13,31622.7766016838,0,4,0.864432387854148,0.477182589446994
15,13,31622.7766016838,0,5,0.806089028382011,0.693883083196939
15,14,31622.7766016838,0,1,0.88494851651077,0.714872832839053
15,14,31622.7766016838,0,2,0.852829139748568,0.735893427946634
15,14,31622.7766016838,0,3,0.794505298991006,0.769953818976381
15,14,31622.7766016838,0,4,0.875528386586787,0.0867321029631264
15,14,31622.7766016838,0,5,0.804841992232032,0.476319766907158
15,15,31622.7766016838,0,1,0.880697670352993,0.813260286707687
15,15,31622.7766016838,0,2,0.857961764359975,0.683073239336971
15,15,31622.7766016838,0,3,0.790357415377889,0.744210447294493
15,15,31622.7766016838,0,4,0.868273815186266,0.698100313752159
15,15,31622.7766016838,0,5,0.793995153075967,0.589279393201574
15,1,1e+05,0,1,0.883730907724862,0.849800992167108
15,1,1e+05,0,2,0.852450431141316,0.728501981239229
15,1,1e+05,0,3,0.797767326742717,0.58554332506045
15,1,1e+05,0,4,0.857664327222051,0.702558723190972
15,1,1e+05,0,5,0.794293018820182,0.570125404503297
15,2,1e+05,0,1,0.884480034230203,0.88304148410035
15,2,1e+05,0,2,0.837473546829203,0.277259378738523
15,2,1e+05,0,3,0.805540081877501,0.463109640632624
15,2,1e+05,0,4,0.879225285401952,0.488394846703488
15,2,1e+05,0,5,0.80676516671602,0.893414140237674
15,3,1e+05,0,1,0.881709373864674,0.9359834568589
15,3,1e+05,0,2,0.857852379254114,0.784466934530237
15,3,1e+05,0,3,0.798516202839435,0.290707809933187
15,3,1e+05,0,4,0.879505598032695,0.778328567335762
15,3,1e+05,0,5,0.803197574281522,-0.0555059642052003
15,4,1e+05,0,1,0.881139880730833,0.901512458126683
15,4,1e+05,0,2,0.858214098268963,0.614026379112436
15,4,1e+05,0,3,0.796851750591312,0.724112039707932
15,4,1e+05,0,4,0.871122305675257,0.454732830602717
15,4,1e+05,0,5,0.802263354691076,0.636698154985516
15,5,1e+05,0,1,0.893690610192024,0.631887723752281
15,5,1e+05,0,2,0.853666561542286,0.540147208145783
15,5,1e+05,0,3,0.802300965041076,0.0314890905970419
15,5,1e+05,0,4,0.867359625286658,0.312094724076792
15,5,1e+05,0,5,0.807482404925558,-0.190066353538671
15,6,1e+05,0,1,0.886503263235872,0.780774759703512
15,6,1e+05,0,2,0.836246645298332,0.733696598521032
15,6,1e+05,0,3,0.789818335898337,0.56271356117834
15,6,1e+05,0,4,0.88679639182577,0.318761614605854
15,6,1e+05,0,5,0.80776438937875,0.420334040205635
15,7,1e+05,0,1,0.878824036890786,0.910610661877502
15,7,1e+05,0,2,0.843672578864178,0.567123022166965
15,7,1e+05,0,3,0.80338295033357,0.575153555220773
15,7,1e+05,0,4,0.858903215145905,0.621451021608953
15,7,1e+05,0,5,0.800245721298723,0.767392784375463
15,8,1e+05,0,1,0.875656357056182,0.934734213757352
15,8,1e+05,0,2,0.848102651996071,0.66050388652149
15,8,1e+05,0,3,0.792286760438439,0.74072506898819
15,8,1e+05,0,4,0.866967039305167,0.706519572311467
15,8,1e+05,0,5,0.799096854835483,0.570541474895733
15,9,1e+05,0,1,0.883759176290096,0.824267397787455
15,9,1e+05,0,2,0.853636992074749,0.784808972899942
15,9,1e+05,0,3,0.798536405947504,0.650518288948585
15,9,1e+05,0,4,0.861040280076108,0.717750602087175
15,9,1e+05,0,5,0.791766879074254,0.418747520160735
15,10,1e+05,0,1,0.881947171112976,0.869559479084766
15,10,1e+05,0,2,0.842850151400779,0.752122986108054
15,10,1e+05,0,3,0.805362856519023,0.454251675133897
15,10,1e+05,0,4,0.868021366797442,0.3641689417906
15,10,1e+05,0,5,0.791886966393141,0.548571409417587
15,11,1e+05,0,1,0.881504983828609,0.82441349033337
15,11,1e+05,0,2,0.841567785289026,0.687841987304663
15,11,1e+05,0,3,0.793603525366903,0.138079195401652
15,11,1e+05,0,4,0.869283899555126,0.753667180946091
15,11,1e+05,0,5,0.803870387906162,0.490731709108851
15,12,1e+05,0,1,0.877740752051837,0.952876026274598
15,12,1e+05,0,2,0.837945341564658,0.753417034589325
15,12,1e+05,0,3,0.802007020931378,0.79404406585448
15,12,1e+05,0,4,0.878861337960116,0.576539235486151
15,12,1e+05,0,5,0.811339476578822,0.662837321573566
15,13,1e+05,0,1,0.873912409612134,0.936573957370424
15,13,1e+05,0,2,0.850103436424976,0.467424005616405
15,13,1e+05,0,3,0.793204507673466,0.651394662673344
15,13,1e+05,0,4,0.864057780943785,0.476102239501689
15,13,1e+05,0,5,0.805586243793977,0.694102740336414
15,14,1e+05,0,1,0.884592034168098,0.714969103304721
15,14,1e+05,0,2,0.852330249012427,0.735964046707547
15,14,1e+05,0,3,0.793938053823821,0.769928615037927
15,14,1e+05,0,4,0.875174955689702,0.0864851723414631
15,14,1e+05,0,5,0.804278987852778,0.476136723928573
15,15,1e+05,0,1,0.880327212414219,0.813048677871136
15,15,1e+05,0,2,0.857483334178684,0.682996266839174
15,15,1e+05,0,3,0.789756720092188,0.743994592464122
15,15,1e+05,0,4,0.867884512568295,0.697979507372067
15,15,1e+05,0,5,0.793461734238253,0.588843489952044
